month,commits,repositories,mom_change,commits_per_active_repository
2025-09,8031,105,,76.48571428571428
2025-10,20080,133,150.031129373677,150.97744360902254
2025-11,22750,141,13.296812749003983,161.34751773049646
2025-12,20333,132,-10.624175824175818,154.03787878787878
2026-01,31288,133,53.877932425121735,235.24812030075188
2026-02,28077,141,-10.262720531833292,199.12765957446808
2026-03,36046,144,28.382661965309673,250.31944444444446
2026-04,40190,143,11.496421239527276,281.04895104895104
2026-05,43781,134,8.935058472256774,326.7238805970149
2026-06,32600,135,-25.538475594435937,241.4814814814815
2026-07,40360,139,23.803680981595086,290.35971223021585
2026-08,35368,135,-12.368681863230924,261.9851851851852
2026-09,22395,125,-36.68004976249717,179.16
