Principal Component,Explained Variance Ratio,Explained Variance (%),Cumulative Variance (%)
PC1,0.46735330739896624,46.735330739896625,46.735330739896625
PC2,0.13031757353641668,13.031757353641668,59.76708809353829
PC3,0.09900510943471628,9.900510943471629,69.66759903700992
PC4,0.07981518859358389,7.981518859358388,77.6491178963683
PC5,0.05192598455191068,5.192598455191068,82.84171635155937
PC6,0.04265092667456649,4.265092667456649,87.10680901901601
PC7,0.0355043619833494,3.55043619833494,90.65724521735096
PC8,0.03152487439065031,3.1524874390650313,93.80973265641599
PC9,0.02510367317643786,2.510367317643786,96.32009997405979
PC10,0.01840968428114246,1.840968428114246,98.16106840217402
PC11,0.007632418732930375,0.7632418732930375,98.92431027546706
PC12,0.00603561693888128,0.603561693888128,99.5278719693552
PC13,0.003487457671709156,0.3487457671709156,99.87661773652611
PC14,0.0009554801191964682,0.09554801191964682,99.97216574844575
PC15,0.00027834251554241534,0.027834251554241535,99.99999999999999
