,PC1,PC2,PC3,PC4,PC5,PC6,PC7,PC8,PC9,PC10,PC11,PC12,PC13,PC14,PC15
log1p_stars,0.2902237442402951,-0.0702341733291074,0.15337261896504398,0.4754874078337186,-0.009293326111996503,-0.07687574011371008,0.2548752535336702,0.1913764147394112,0.16350280786966148,0.05522252096493363,-0.02368861054923227,-0.08432425050432768,0.716374026609133,-0.05418721723928991,0.007804268095100671
log1p_forks,0.28428062527078735,-0.052059074589571326,0.19758439507999195,0.45836690280942194,-0.06662123146772335,-0.0791027161814751,0.22999521767730924,0.28896444928550175,0.19730618534376781,-0.12450597825941372,-0.033868319012896816,-0.06787203368533565,-0.6777993553690582,0.02527467066412556,-0.002183181383749279
log1p_open_issues,0.23369055026350924,-0.09484430817078118,0.295528406709108,0.1460085730241964,-0.44472778740933144,0.3794161785513452,-0.14266093223000909,-0.5593789466839458,-0.09223288748596463,-0.3498356684990149,0.13760591624539703,0.04541574025151465,0.02853799915430469,-0.005200686213410261,-0.003163806058504341
log1p_size_kb,0.26797046603271524,0.047212093074851594,0.012777806201268834,-0.23669665564900821,-0.19893042477741266,0.3420906279975232,-0.34566791381626144,0.703142607317552,-0.1465978719175331,-0.19444112200381203,0.047133335649084375,0.16971833615124354,0.08681742254304506,-0.036962809873463336,0.007173481631631417
repository_age_years,-0.06320989130075397,-0.18639348047202356,0.5710325604711248,-0.24910586407368407,0.6056756815415094,0.07228971138805279,0.12500827208402948,0.016112224835284683,0.009483993521522046,-0.41117271458523624,-0.09323338347729901,0.04029569228529687,0.04375373732531815,-0.06011969657036551,0.01329046928137685
days_since_update,-0.2335919270934501,0.1067261462013293,0.1505805325271109,-0.398341989037581,-0.4315824370831598,0.01591419243884227,0.30182387276173467,0.07680254313194276,0.6781506354619534,-0.07816622972701762,0.0009405813727001826,-0.0032161533000863727,0.05585564972378795,-0.006946230606838345,-0.001728027460277577
days_since_push,-0.24747545840347085,0.07966280286633125,0.3301774299071259,-0.06438838790056821,-0.3310567319731778,-0.07771623332090266,0.4992233774488146,0.14240141297089987,-0.6383923900472129,0.14651726747387506,-0.002294242137628945,0.0707081890563683,-0.004905885129379811,0.007796617439466441,-0.0020736585742919997
log1p_contributors_count,0.3031595463526279,-0.25428450785589846,0.21968029240192982,-0.14310875254739427,0.04070548128455838,-0.085704149316514,-0.01753144416397525,-0.09664054798962497,0.12618789367425753,0.5168317675084618,0.13937695662323304,0.6675154116753328,-0.056638362687820326,0.06924985712185704,0.0007615842266056343
log1p_total_contributions,0.2996920515218021,-0.1780489995255719,0.13099104347953017,-0.2733247681951402,0.031027008810116524,0.3713531877853915,0.06699445126442445,-0.03560349745862889,-0.014388256004550282,0.48090400076850637,-0.1949971162852608,-0.6031912843328642,-0.06641792213848804,0.05243024050002419,-0.03868932068981489
top_contributor_share,-0.22304820922096555,0.10938802578257098,-0.2503539621395687,0.22299957600131506,0.22843049159211976,0.7446931144577499,0.3593466654444258,0.01279732760357346,0.07293891968003027,0.08625352196843979,0.05166015736015207,0.26825583364901723,-0.028651524514544446,0.039605314049805045,-0.007517060203084159
log1p_commits_365d,0.33652361434304534,0.0914998753409712,-0.2389088812600427,-0.1851667620205302,0.009248085498981342,-0.05426151432889591,0.2623846534559394,-0.09947488301727599,-0.0689046598591935,-0.17393153829493094,-0.24571106353776742,0.08448758166704257,0.01198896393470289,0.19836112253970364,0.7504942825902369
active_months,0.311737928775784,-0.030957950403155902,-0.2509910826765154,-0.2406600366518006,0.11687499042010623,-0.08886907932810316,0.34622729433765664,-0.019046476608245565,-0.0691053977241466,-0.1583042375055725,0.743938849292123,-0.1486546322820494,-0.009544636398572809,-0.060017059949923866,-0.17344036906761573
log1p_peak_monthly_commits,0.3315531411395029,0.12008023497880056,-0.2402192970126138,-0.1563856217260689,-0.02093633096184968,-0.05985464545370142,0.23186500428765916,-0.12377278264453548,-0.0660656421431398,-0.1719523293215345,-0.5320410400859675,0.1996264755242112,0.002767887353714832,-0.18861034836370658,-0.572675556093951
mean_monthly_commits,0.13584926353363527,0.6311501791376873,0.21412448756585106,-0.00031561876258706656,0.12416271935315541,-0.022908776256409157,-0.07230977335040015,-0.04275649231077553,0.022238518226877807,0.028317657919693543,0.06487826855358186,-0.01688005627256813,0.044227323025495716,0.6823001903930213,-0.20264956435243936
monthly_commit_std,0.13582250246651703,0.6310508667515728,0.2011053039918217,0.003982563007041862,0.10494776578597803,0.023785035846768714,-0.0686942112231472,-0.08914746072472993,0.031353850541753214,0.1819637614210386,0.08498150148472093,-0.005693020511023205,-0.05785834213562993,-0.6619203693113304,0.18917615562163084
