repo_id,full_name,language,stars,forks,commits_365d,active_months,days_since_push,days_since_update,contributors_count,total_contributions,top_contributor_share,popularity_score,activity_score,maintenance_score,community_score,distribution_score,health_score,health_score_coverage,health_profile,star_rank,health_rank,rank_difference
192904,pymc-devs/pymc,Python,9754,2301,280.0,13.0,3,1,328.0,7558.0,0.1360148187351151,55.333333333333336,81.1241610738255,61.41666666666667,85.11705685618729,95.98550724637681,75.79534503527792,100.0,Very High,154.0,52.0,102.0
374228,restsharp/RestSharp,C#,9824,2299,61.0,7.0,10,1,266.0,2048.0,0.3701171875,56.83333333333333,57.5503355704698,56.333333333333336,73.7458193979933,74.91527313266444,63.87561895355884,100.0,High,144.0,92.0,52.0
443962,FluentValidation/FluentValidation,C#,9752,1276,27.0,10.0,9,1,268.0,2452.0,0.8384991843393148,50.66666666666667,57.80201342281879,56.833333333333336,75.58528428093646,26.085841694537354,53.39462787965853,100.0,High,155.0,132.0,23.0
519832,mitmproxy/mitmproxy,Python,45078,4730,210.0,12.0,8,1,406.0,10847.0,0.3707015764727574,73.5,71.64429530201343,57.583333333333336,91.47157190635451,74.58082497212932,73.75600510276612,100.0,High,78.0,57.0,21.0
747698,sinonjs/sinon,JavaScript,9758,807,80.0,8.0,7,3,337.0,3617.0,0.2750898534697263,48.66666666666667,60.486577181208055,45.66666666666666,80.93645484949832,85.61761426978818,64.27479592676558,100.0,High,153.0,90.0,63.0
843222,scikit-learn/scikit-learn,Python,67283,27419,1150.0,13.0,0,0,407.0,24683.0,0.1044848681278612,87.5,87.66778523489933,90.08333333333333,93.9799331103679,98.32664437012262,91.51153920974463,100.0,Very High,58.0,8.0,50.0
902930,fiorix/freegeoip,Go,4933,771,0.0,0.0,1483,2,18.0,360.0,0.9305555555555556,42.333333333333336,15.100671140939598,18.91666666666666,33.94648829431438,17.390189520624308,25.537469791175656,100.0,Moderate,190.0,247.0,-57.0
995750,VundleVim/Vundle.vim,Vim Script,23918,2530,0.0,0.0,780,1,58.0,623.0,0.7255216693418941,63.83333333333333,15.100671140939598,36.083333333333336,48.99665551839465,38.794871794871796,40.56177302417454,100.0,Moderate,108.0,190.0,-82.0
1147858,weavejester/lein-ring,Clojure,499,99,0.0,0.0,1205,10,34.0,325.0,0.6276923076923077,9.166666666666666,15.100671140939598,11.250000000000005,38.12709030100334,49.162764771460424,24.561438576014005,100.0,Developing,266.0,250.0,16.0
1206546,winstonjs/winston,JavaScript,24520,1848,31.0,5.0,59,1,366.0,1579.0,0.3901203293223559,62.33333333333333,51.1744966442953,48.75,74.24749163879599,72.90858416945373,61.88278115717567,100.0,High,100.0,99.0,1.0
1398630,symfony/console,PHP,9813,265,378.0,13.0,3,1,396.0,4641.0,0.3303167420814479,39.833333333333336,82.96979865771812,61.41666666666667,84.78260869565217,78.59420289855072,69.5193220503842,100.0,High,145.0,69.0,76.0
1630999,josephg/ShareJS,JavaScript,4978,454,0.0,0.0,3658,4,58.0,1216.0,0.553453947368421,41.58333333333333,15.100671140939598,11.499999999999996,56.35451505016722,57.85841694537347,36.47938729396272,100.0,Moderate,169.0,205.0,-36.0
1644196,JuliaLang/julia,Julia,49115,5976,2348.0,13.0,0,1,388.0,55455.0,0.1798575421512938,77.5,90.01677852348993,73.66666666666667,92.97658862876254,92.30657748049052,85.29332225988193,100.0,Very High,66.0,24.0,42.0
1692604,jiaaro/pydub,Python,9793,1135,1.0,1.0,182,3,73.0,716.0,0.6312849162011173,51.166666666666664,32.5503355704698,30.41666666666667,52.675585284280935,48.493868450390195,43.06062452769485,100.0,Moderate,148.0,179.0,-31.0
1863329,laravel/laravel,Blade,84965,25168,130.0,12.0,24,1,397.0,6732.0,0.7000891265597148,89.33333333333333,69.79865771812081,52.66666666666667,88.2943143812709,42.13935340022297,68.44646509992295,100.0,High,42.0,71.0,-29.0
2162719,xdissent/ievms,Shell,9763,482,0.0,0.0,2408,4,13.0,107.0,0.8411214953271028,45.166666666666664,15.100671140939598,13.16666666666666,22.40802675585284,25.41694537346712,24.25179532071858,100.0,Developing,152.0,254.0,-102.0
2325298,torvalds/linux,C,249330,64888,90201.0,13.0,0,0,0.0,0.0,0.0,97.33333333333334,94.04362416107382,90.08333333333333,0.5016722408026756,99.83166109253065,76.35872483221476,100.0,Very High,14.0,51.0,-37.0
2641405,symfony/security-bundle,PHP,2488,27,226.0,13.0,2,2,260.0,3406.0,0.3399882560187903,15.749999999999998,79.44630872483222,53.49999999999999,78.34448160535118,77.25641025641025,60.85944011731873,100.0,High,214.0,103.0,111.0
3072629,python-jsonschema/jsonschema,Python,4981,668,231.0,12.0,3,2,109.0,3083.0,0.7791112552708401,45.166666666666664,72.48322147651007,51.08333333333333,70.40133779264215,32.44035674470458,54.31498320277135,100.0,High,167.0,127.0,40.0
3084583,mattiasw/ExifReader,JavaScript,997,106,252.0,13.0,7,3,27.0,872.0,0.6479357798165137,14.25,80.45302013422818,45.66666666666666,46.15384615384615,46.48717948717949,46.6021424883841,100.0,Moderate,249.0,162.0,87.0
3708934,selfspy/selfspy,Python,2495,230,0.0,0.0,2753,2,25.0,120.0,0.4416666666666666,28.5,15.100671140939598,16.749999999999996,28.762541806020067,67.22296544035673,31.267235677463283,100.0,Moderate,203.0,225.0,-22.0
4291387,Netflix/archaius,Java,2497,476,4.0,2.0,50,1,32.0,747.0,0.5662650602409639,37.08333333333333,37.75167785234899,50.16666666666667,45.40133779264214,56.85507246376812,45.45161762175185,100.0,Moderate,199.0,167.0,32.0
4534540,goofychris/art-template,JavaScript,9846,2642,1.0,1.0,67,1,12.0,478.0,0.9497907949790796,60.0,32.5503355704698,47.66666666666667,32.608695652173914,13.711259754738014,37.307391528809674,100.0,Moderate,136.0,202.0,-66.0
4549925,bobthecow/psysh,PHP,9833,318,364.0,13.0,7,1,91.0,2515.0,0.806361829025845,41.833333333333336,82.63422818791946,58.5,67.05685618729098,28.092530657748046,55.62338967325836,100.0,High,141.0,123.0,18.0
4826737,LancePutnam/Gamma,C++,499,58,13.0,4.0,10,5,4.0,796.0,0.9836683417085428,6.166666666666666,45.469798657718115,39.91666666666667,31.187290969899664,8.025641025641027,26.153212797318428,100.0,Moderate,266.0,244.0,22.0
5070389,greenrobot/EventBus,Java,24709,4637,0.0,0.0,939,1,20.0,540.0,0.7314814814814815,70.33333333333334,15.100671140939598,32.91666666666667,39.046822742474916,37.457079152731325,38.970914607229176,100.0,Moderate,95.0,198.0,-103.0
5192255,Catrobat/Paintroid,Kotlin,499,340,1.0,1.0,1,8,79.0,2933.0,0.1452437777020116,20.166666666666664,32.5503355704698,49.33333333333333,66.88963210702342,94.98216276477146,52.78442608845294,100.0,High,266.0,136.0,130.0
5239185,slab/quill,TypeScript,47348,3665,0.0,0.0,420,1,142.0,5698.0,0.8174798174798175,72.83333333333334,15.100671140939598,38.91666666666667,77.50836120401337,27.089186176142707,46.28964370421914,100.0,Moderate,70.0,164.0,-94.0
5407827,stevenshiau/clonezilla,Shell,999,126,463.0,13.0,9,1,10.0,3498.0,0.9914236706689536,18.166666666666668,83.64093959731544,56.833333333333336,50.836120401337794,5.350055741360085,42.96542314800267,100.0,Moderate,231.0,180.0,51.0
5896437,mmcgrana/gobyexample,Go,8205,1388,41.0,10.0,11,0,147.0,1315.0,0.6638783269961978,50.5,60.402684563758385,72.0,65.38461538461539,44.81493868450391,58.620447726575534,100.0,High,159.0,108.0,51.0
6498492,airbnb/javascript,JavaScript,148241,26573,1.0,1.0,154,0,401.0,1730.0,0.3884393063583815,92.5,32.5503355704698,60.83333333333333,78.1772575250836,73.57748049052397,67.52768138388214,100.0,High,25.0,76.0,-51.0
6766558,Netflix/Hystrix,Java,24482,4674,2.0,1.0,275,1,105.0,1433.0,0.3754361479413817,69.5,33.808724832214764,40.916666666666664,63.46153846153847,74.2463768115942,56.38666135440282,100.0,High,101.0,117.0,-16.0
6975711,sintaxi/harp,JavaScript,4995,332,27.0,3.0,73,1,30.0,720.0,0.7888888888888889,39.25,46.2248322147651,47.25,44.81605351170569,31.102564102564106,41.728689965806986,100.0,Moderate,162.0,185.0,-23.0
7232856,AGWA/git-crypt,C++,9917,545,11.0,1.0,359,1,16.0,204.0,0.9068627450980392,50.66666666666667,38.00335570469798,39.916666666666664,27.508361204013376,20.065774804905235,35.23216500938999,100.0,Moderate,129.0,209.0,-80.0
8162715,saleor/saleor,Python,23339,6122,499.0,13.0,1,1,260.0,18763.0,0.2032723978041891,69.16666666666666,83.9765100671141,68.16666666666667,86.70568561872909,89.63099219620959,79.52930424307723,100.0,Very High,119.0,40.0,79.0
8473240,scriptcs/scriptcs,C#,2482,363,0.0,0.0,1159,6,61.0,1929.0,0.2975635044064282,30.416666666666668,15.100671140939598,14.083333333333332,60.95317725752508,83.61092530657747,40.83295474100843,100.0,Moderate,222.0,188.0,34.0
8552709,theoephraim/node-google-spreadsheet,TypeScript,2493,389,23.0,4.0,13,2,51.0,314.0,0.643312101910828,33.91666666666667,47.48322147651007,44.25,41.05351170568562,47.49052396878484,42.83878476352944,100.0,Moderate,206.0,181.0,25.0
8780829,joseotaviorf/dash.vim,Vim script,997,59,0.0,0.0,1397,17,15.0,128.0,0.8828125,10.833333333333334,15.100671140939598,6.583333333333334,24.24749163879599,22.40691192865106,15.834348275010663,100.0,Developing,249.0,284.0,-35.0
9009498,wasabifx/wasabi,Kotlin,499,55,0.0,0.0,2506,17,18.0,513.0,0.6237816764132553,6.0,15.100671140939598,4.249999999999997,37.290969899665555,50.500557413600895,22.62843969084121,100.0,Developing,266.0,259.0,7.0
9603240,pure-css/pure,JavaScript,23722,2404,0.0,0.0,216,1,71.0,979.0,0.3013278855975485,63.0,15.100671140939598,42.583333333333336,56.605351170568554,83.27647714604235,52.11316655817677,100.0,High,112.0,140.0,-28.0
9764362,trailblazer/reform,Ruby,2487,180,0.0,0.0,389,12,66.0,1364.0,0.8027859237536656,24.833333333333332,15.100671140939598,18.333333333333332,58.69565217391305,28.76142697881828,29.14488339206752,100.0,Moderate,215.0,235.0,-20.0
9994688,ScoopInstaller/Scoop,PowerShell,24665,1536,0.0,0.0,3,0,400.0,10092.0,0.5996829171621086,61.5,15.100671140939598,77.83333333333333,90.46822742474916,54.17948717948718,59.81634381570185,100.0,High,97.0,106.0,-9.0
10054176,Nyr/openvpn-install,Shell,20640,5071,10.0,6.0,2,1,11.0,220.0,0.9454545454545454,66.16666666666666,48.48993288590604,63.83333333333333,25.08361204013378,14.045707915273132,43.52385056826259,100.0,Moderate,124.0,178.0,-54.0
10270250,react/react,JavaScript,250539,51372,811.0,13.0,1,0,411.0,18182.0,0.1066439335606644,96.5,86.66107382550337,84.58333333333333,92.97658862876254,97.65774804905239,91.67574876733032,100.0,Very High,13.0,7.0,6.0
10637255,JakeWharton/pidcat,Python,4955,517,0.0,0.0,861,4,30.0,135.0,0.6518518518518519,40.916666666666664,15.100671140939598,18.999999999999996,30.936454849498325,45.81828316610926,30.354415164642766,100.0,Moderate,181.0,232.0,-51.0
10865436,dypsilon/frontend-dev-bookmarks,,47518,5138,0.0,0.0,850,1,94.0,131.0,0.0839694656488549,75.83333333333333,15.100671140939598,34.25,40.719063545150505,98.99554069119286,52.97972174212325,100.0,High,69.0,135.0,-66.0
12085960,hynek/structlog,Python,4952,298,162.0,13.0,13,2,138.0,1897.0,0.8408012651555087,34.166666666666664,78.10402684563758,44.25,67.89297658862876,25.751393534002236,50.033012726987046,100.0,High,183.0,151.0,32.0
12526570,Augustyniak/RATreeView,Objective-C,2479,446,0.0,0.0,2474,3,8.0,98.0,0.9081632653061223,31.916666666666664,15.100671140939598,14.91666666666666,18.39464882943144,19.731326644370117,20.011995989614896,100.0,Developing,225.0,271.0,-46.0
12715951,Southpaw-TACTIC/TACTIC,JavaScript,499,170,23.0,4.0,117,17,38.0,6312.0,0.416191381495564,12.5,47.48322147651007,22.75,66.88963210702342,69.22965440356744,43.770501597420186,100.0,Moderate,266.0,175.0,91.0
12895187,laravelio/laravel.io,PHP,2499,660,148.0,13.0,2,1,114.0,2369.0,0.5626846770789362,40.08333333333333,77.6006711409396,63.83333333333333,68.22742474916387,57.52396878483835,61.453746268321694,100.0,High,196.0,100.0,96.0
13115100,stewartsmith/libeatmydata,C,499,20,0.0,0.0,858,17,15.0,162.0,0.7839506172839507,4.083333333333334,15.100671140939598,10.583333333333327,25.334448160535118,31.77146042363434,17.374649278355143,100.0,Developing,266.0,283.0,-17.0
13491895,EbookFoundation/free-programming-books,Python,397043,66787,614.0,13.0,3,0,430.0,5874.0,0.2625127681307456,99.33333333333333,84.98322147651007,77.83333333333333,90.63545150501673,86.62095875139353,87.8812596799174,100.0,Very High,3.0,17.0,-14.0
15347209,juxt/bidi,Clojure,997,87,0.0,0.0,1283,10,46.0,94.0,0.1382978723404255,12.666666666666668,15.100671140939598,10.750000000000005,32.69230769230769,95.6510590858417,33.37214091715113,100.0,Moderate,249.0,217.0,32.0
15505458,mattdelacdev/WOW,JavaScript,9897,3956,0.0,0.0,816,2,22.0,305.0,0.4852459016393443,62.83333333333334,15.100671140939598,24.749999999999996,33.44481605351171,64.5473801560758,40.13524013677209,100.0,Moderate,132.0,193.0,-61.0
15634981,godotengine/godot,C++,117364,26776,9356.0,13.0,0,0,459.0,79514.0,0.393591065724275,91.33333333333333,93.3724832214765,90.08333333333333,98.66220735785953,71.57079152731326,89.00442975466318,100.0,Very High,33.0,13.0,20.0
17042400,go-mysql-org/go-mysql,Go,4967,1076,81.0,12.0,10,1,192.0,1088.0,0.2279411764705882,46.5,66.69463087248322,56.333333333333336,65.96989966555184,87.958751393534,64.69132305298048,100.0,High,175.0,88.0,87.0
17119190,Propaganistas/Laravel-Phone,PHP,3031,233,6.0,5.0,1,1,27.0,304.0,0.8914473684210527,30.25,45.30201342281879,68.16666666666667,35.45150501672241,21.403567447045706,40.11475051065072,100.0,Moderate,194.0,194.0,0.0
17728164,hashicorp/terraform,Go,49698,10622,1216.0,13.0,1,0,351.0,30793.0,0.1388952034553307,82.33333333333333,88.00335570469798,84.58333333333333,90.63545150501672,95.31661092530658,88.17441696033758,100.0,Very High,62.0,14.0,48.0
18486162,felixhageloh/uebersicht,Objective-C,4993,189,0.0,0.0,447,2,18.0,532.0,0.943609022556391,33.666666666666664,15.100671140939598,28.249999999999996,37.95986622073579,15.049052396878485,26.005251285044107,100.0,Moderate,164.0,246.0,-82.0
18719856,Stellarium/stellarium,C++,9991,1051,5779.0,13.0,1,1,193.0,37045.0,0.4008908084761776,54.5,92.53355704697987,68.16666666666667,86.53846153846153,70.56744704570791,74.4612264595632,100.0,High,126.0,54.0,72.0
19020770,liyiorg/weixin-popular,Java,2486,1037,0.0,0.0,1424,24,17.0,224.0,0.78125,39.166666666666664,15.100671140939598,4.33333333333334,29.180602006688964,32.10590858416946,23.977436346359603,100.0,Developing,217.0,258.0,-41.0
19415064,ossu/computer-science,HTML,209080,25871,23.0,7.0,66,0,155.0,998.0,0.2685370741482966,93.5,52.93624161073825,64.41666666666666,64.04682274247492,86.28651059085841,72.23724832214765,100.0,High,18.0,65.0,-47.0
19620844,ovity/octotree,JavaScript,23248,1782,0.0,0.0,833,0,65.0,714.0,0.7478991596638656,58.166666666666664,15.100671140939598,51.16666666666666,51.17056856187291,36.11928651059086,42.34477190934734,100.0,Moderate,123.0,183.0,-60.0
19901248,checkcheckzz/system-design-interview,,23703,5253,0.0,0.0,1264,1,23.0,83.0,0.7108433734939759,68.5,15.100671140939598,31.083333333333336,25.83612040133779,41.13600891861761,36.331226758845666,100.0,Moderate,114.0,207.0,-93.0
20060596,ogham/exa,Rust,24444,652,0.0,0.0,724,1,145.0,1590.0,0.7270440251572327,55.5,15.100671140939598,37.083333333333336,67.05685618729098,38.12597547380156,42.57336722707309,100.0,Moderate,102.0,182.0,-80.0
20506004,Quick/Quick,Swift,9826,895,7.0,5.0,123,2,142.0,2069.0,0.2261962300628323,50.66666666666667,45.80536912751678,35.5,68.97993311036788,88.29319955406912,57.849033691724095,100.0,High,143.0,115.0,28.0
20986101,GriddleGriddle/Griddle,JavaScript,2487,373,0.0,0.0,1427,8,44.0,1186.0,0.5666104553119731,32.083333333333336,15.100671140939598,10.749999999999998,54.096989966555185,56.520624303233,33.71032374881223,100.0,Moderate,215.0,215.0,0.0
22067521,ocornut/imgui,C++,76230,12039,767.0,13.0,1,0,428.0,9941.0,0.9026254903933206,85.33333333333334,85.65436241610738,84.58333333333333,92.55852842809364,20.400222965440353,73.70595609526161,100.0,High,51.0,58.0,-7.0
22394357,osquery/osquery,C++,23578,2597,132.0,13.0,0,1,381.0,4204.0,0.1696003805899143,62.83333333333333,77.26510067114094,73.66666666666667,82.94314381270902,92.64102564102564,77.86985402497513,100.0,Very High,117.0,45.0,72.0
23022345,DMarby/picsum-photos,Go,2484,171,28.0,1.0,230,4,8.0,509.0,0.9764243614931236,22.833333333333336,41.442953020134226,27.333333333333336,30.685618729096994,9.02898550724638,26.264844784628856,100.0,Moderate,220.0,243.0,-23.0
23086893,google/re2,C++,9799,1243,17.0,3.0,238,1,59.0,1143.0,0.7935258092738408,51.83333333333333,44.463087248322154,41.75,56.187290969899664,30.099219620958753,44.866586234502776,100.0,Moderate,147.0,170.0,-23.0
23121722,RaftLib/RaftLib,C++,999,125,0.0,0.0,989,17,11.0,884.0,0.9513574660633484,18.0,15.100671140939598,8.749999999999998,38.12709030100334,12.707915273132661,18.537135343015116,100.0,Developing,231.0,279.0,-48.0
23357588,protocolbuffers/protobuf,C++,72040,16289,2521.0,13.0,0,0,368.0,19894.0,0.1907107670654468,85.83333333333333,90.35234899328859,90.08333333333333,90.30100334448161,90.63433667781493,89.44087113645035,100.0,Very High,55.0,12.0,43.0
24151545,johnpapa/gulp-patterns,JavaScript,499,136,0.0,0.0,2879,16,5.0,448.0,0.9888392857142856,11.083333333333334,15.100671140939598,5.333333333333341,26.003344481605353,7.022296544035673,12.90859576664946,100.0,Developing,266.0,293.0,-27.0
24579238,vuejs/devtools-v6,TypeScript,24691,4127,0.0,0.0,737,1,132.0,1691.0,0.6238911886457718,69.5,15.100671140939598,36.91666666666667,66.72240802675586,50.16610925306578,47.681171017485575,100.0,Moderate,96.0,160.0,-64.0
28457823,freeCodeCamp/freeCodeCamp,TypeScript,455711,46502,3536.0,13.0,1,0,381.0,25024.0,0.0715712915601023,98.0,92.19798657718121,84.58333333333333,91.63879598662209,99.32998885172798,93.15002094977292,100.0,Very High,2.0,3.0,-1.0
28515839,skywind3000/kcp,C,16908,2629,30.0,2.0,87,0,34.0,118.0,0.5847457627118644,61.66666666666666,44.88255033557047,63.33333333333333,30.852842809364546,54.84838350055742,51.11675532909848,100.0,High,125.0,142.0,-17.0
29397594,ssloy/tinyrenderer,C++,24254,2302,3.0,2.0,51,1,9.0,163.0,0.9325153374233128,63.83333333333333,37.24832214765101,49.833333333333336,21.82274247491639,17.05574136008919,37.95869452986465,100.0,Moderate,104.0,201.0,-97.0
29613985,jorgebastida/awslogs,Python,4992,342,0.0,0.0,854,1,34.0,304.0,0.7861842105263158,39.75,15.100671140939598,34.083333333333336,37.123745819397996,31.437012263099223,31.49895251135403,100.0,Moderate,165.0,224.0,-59.0
30088118,mat/besticon,Go,998,173,39.0,7.0,11,1,15.0,550.0,0.9254545454545454,19.0,55.87248322147651,55.583333333333336,36.70568561872909,18.05908584169453,37.04411760304669,100.0,Moderate,240.0,203.0,37.0
30202970,karlhorky/learn-to-program,,4935,250,1.0,1.0,3,1,26.0,97.0,0.6804123711340206,32.0,32.5503355704698,61.41666666666667,27.842809364548494,44.48049052396879,39.658060425130756,100.0,Moderate,189.0,195.0,-6.0
30203935,metabase/metabase,Clojure,49310,6824,6755.0,13.0,0,0,391.0,42226.0,0.1130346232179226,78.66666666666666,92.70134228187919,90.08333333333333,93.06020066889633,97.32329988851727,90.36696856785855,100.0,Very High,63.0,9.0,54.0
31365325,happydog-intj/JsBridge,Java,9909,2002,8.0,1.0,6,1,21.0,85.0,0.611764705882353,58.5,36.99664429530201,59.0,25.418060200668897,51.83835005574136,46.35061091034245,100.0,Moderate,130.0,163.0,-33.0
31686893,d4l3k/go-pry,Go,3004,65,0.0,0.0,1305,20,6.0,192.0,0.9375,21.166666666666668,15.100671140939598,5.66666666666667,19.816053511705686,16.386845039018954,15.627380604999516,100.0,Developing,195.0,285.0,-90.0
32243098,coin-or/pulp,Python,2483,433,49.0,6.0,35,5,103.0,478.0,0.3472803347280335,32.333333333333336,55.45302013422818,35.66666666666667,51.08695652173913,75.91861761426979,50.09171885404743,100.0,High,221.0,149.0,72.0
32484381,ripienaar/free-for-dev,HTML,137687,14506,803.0,13.0,1,0,439.0,5102.0,0.6250490003920032,89.33333333333334,86.49328859060404,84.58333333333333,90.30100334448161,49.49721293199554,80.04163430674957,100.0,Very High,31.0,36.0,-5.0
33200340,react-native-linear-gradient/react-native-linear-gradient,TypeScript,4956,705,48.0,3.0,209,6,95.0,539.0,0.313543599257885,43.75,49.49664429530202,25.250000000000007,52.67558528428094,80.26644370122631,50.28773465616185,100.0,High,179.0,148.0,31.0
33486016,onevcat/Kingfisher,Swift,24402,2772,300.0,13.0,2,1,211.0,3353.0,0.8452132418729495,65.83333333333333,81.6275167785235,63.83333333333333,77.0066889632107,25.082497212931987,62.67667392426656,100.0,High,103.0,97.0,6.0
33569135,ReactiveX/RxSwift,Swift,24642,4154,42.0,4.0,13,1,365.0,3361.0,0.5093722106515918,69.33333333333333,50.83892617449664,54.583333333333336,81.10367892976589,62.206243032329986,63.61310296065184,100.0,High,98.0,93.0,5.0
33614304,nvbn/thefuck,Python,97862,3959,0.0,0.0,791,0,168.0,1592.0,0.5841708542713567,79.0,15.100671140939598,52.166666666666664,68.56187290969899,55.182831661092536,54.00240847567956,100.0,High,36.0,128.0,-92.0
33943153,cssnano/cssnano,CSS,4975,330,447.0,11.0,1,1,117.0,2988.0,0.4832663989290495,37.25,73.48993288590603,68.16666666666667,70.40133779264215,64.88182831661092,62.83795313236514,100.0,High,172.0,96.0,76.0
35534645,greatyao/v2ex-android,Java,499,136,0.0,0.0,2669,17,3.0,209.0,0.985645933014354,11.083333333333334,15.100671140939598,4.083333333333326,16.97324414715719,7.691192865105909,10.98635496397387,100.0,Developing,266.0,295.0,-29.0
36267537,purifycss/purifycss,JavaScript,9842,377,0.0,0.0,2162,2,17.0,271.0,0.7232472324723247,45.33333333333333,15.100671140939598,18.249999999999996,30.35117056856187,39.463768115942024,29.699788631755364,100.0,Moderate,137.0,234.0,-97.0
36633370,awesome-selfhosted/awesome-selfhosted,,319878,15027,246.0,13.0,2,0,398.0,5076.0,0.4263199369582348,93.33333333333334,80.11744966442953,80.25,86.45484949832775,68.22630992196208,81.67638848361054,100.0,Very High,8.0,33.0,-25.0
36959618,madelson/DistributedLock,C#,2485,248,97.0,8.0,65,8,21.0,632.0,0.8481012658227848,26.916666666666668,61.66107382550335,29.499999999999996,40.63545150501672,24.74804905239687,36.69224820991673,100.0,Moderate,218.0,204.0,14.0
36997653,TimOliver/TOCropViewController,Objective-C,4948,1022,120.0,6.0,52,2,97.0,1010.0,0.7623762376237624,44.33333333333333,59.81543624161074,39.166666666666664,59.86622073578595,34.112597547380155,47.45885090495537,100.0,Moderate,185.0,161.0,24.0
37164499,baopham/laravel-dynamodb,PHP,499,136,5.0,3.0,156,17,35.0,346.0,0.6994219653179191,11.083333333333334,40.68791946308725,20.916666666666664,39.632107023411365,42.47380156075809,30.958765609451337,100.0,Moderate,266.0,229.0,37.0
39198097,Brainfock/Brainfock,JavaScript,499,130,0.0,0.0,1796,17,7.0,19.0,0.3157894736842105,10.666666666666666,15.100671140939598,5.416666666666662,11.538461538461538,79.93199554069119,24.53089231068513,100.0,Developing,266.0,251.0,15.0
39333020,MatiBot/MBCircularProgressBar,Objective-C,999,178,0.0,0.0,864,17,5.0,13.0,0.3076923076923077,20.833333333333332,15.100671140939598,10.249999999999998,9.030100334448159,82.273132664437,27.497447494631615,100.0,Moderate,231.0,240.0,-9.0
40276274,ziglang/zig,Zig,43306,3205,1201.0,3.0,295,1,397.0,34287.0,0.3935894070639018,70.16666666666666,65.43624161073825,40.666666666666664,93.31103678929765,71.90523968784838,68.29717028424352,100.0,High,83.0,73.0,10.0
40905410,owenthereal/hacker-menu,JavaScript,998,68,0.0,0.0,2899,9,4.0,176.0,0.9147727272727272,13.25,15.100671140939598,7.4166666666666625,17.558528428093645,19.062430323299882,14.477659311799957,100.0,Developing,240.0,287.0,-47.0
41881900,microsoft/vscode,TypeScript,192634,42482,26590.0,13.0,0,0,315.0,140969.0,0.104618745965425,94.33333333333334,93.87583892617451,90.08333333333333,90.63545150501673,97.9921962095875,93.38403066148908,100.0,Very High,22.0,1.0,21.0
41912791,v2ray/v2ray-core,Go,46933,8808,0.0,0.0,18,1,83.0,5335.0,0.7754451733833178,79.0,15.100671140939598,53.25,72.07357859531773,33.44370122630992,50.57359019251344,100.0,High,72.0,145.0,-73.0
42489829,rust-lang/rustlings,Rust,64163,11256,154.0,11.0,19,1,414.0,3075.0,0.3274796747967479,83.16666666666666,68.12080536912751,53.083333333333336,84.2809364548495,78.92865105908584,73.51607857661256,100.0,High,60.0,59.0,1.0
44154770,VictorTaelin/LJSON,JavaScript,499,12,0.0,0.0,3355,10,3.0,43.0,0.9302325581395348,3.666666666666667,15.100671140939598,6.250000000000005,8.862876254180602,17.724637681159425,10.32097034858926,100.0,Developing,266.0,297.0,-31.0
44571718,vuejs/awesome-vue,,73543,9452,120.0,12.0,1,1,435.0,2908.0,0.3363136176066025,82.83333333333334,69.21140939597316,68.16666666666667,85.28428093645485,77.59085841694537,76.61730974987468,100.0,Very High,54.0,50.0,4.0
44882201,MunGell/awesome-for-beginners,,89343,8003,82.0,9.0,55,0,322.0,939.0,0.2822151224707135,83.83333333333333,62.58389261744966,65.5,67.72575250836121,84.94871794871794,72.91833928157243,100.0,High,39.0,63.0,-24.0
45144378,ixti/sidekiq-throttled,Ruby,801,97,13.0,3.0,33,2,47.0,334.0,0.8023952095808383,11.583333333333334,43.624161073825505,41.916666666666664,41.47157190635451,29.0958751393534,33.53832162390668,100.0,Moderate,263.0,216.0,47.0
45680749,kholia/OSX-KVM,Shell,23644,2039,5.0,2.0,235,1,17.0,44.0,0.5227272727272727,61.0,38.506711409395976,41.91666666666667,20.484949832775918,61.20289855072464,44.62224529191265,100.0,Moderate,116.0,172.0,-56.0
47726042,VREMSoftwareDevelopment/WiFiAnalyzer,Kotlin,4964,760,76.0,12.0,5,0,51.0,2009.0,0.9362867098058736,44.5,66.2751677852349,75.66666666666666,59.448160535117054,16.721293199554072,52.52225763731453,100.0,High,176.0,137.0,39.0
48200340,gpertea/gffread,C++,499,46,1.0,1.0,72,2,3.0,176.0,0.9829545454545454,5.5,32.5503355704698,37.08333333333333,16.05351170568562,8.36008918617613,19.909453959132975,100.0,Developing,266.0,272.0,-6.0
49280918,Nightonke/LeeCo,Java,499,98,0.0,0.0,3770,17,1.0,75.0,1.0,8.833333333333334,15.100671140939598,2.7499999999999973,8.277591973244148,2.5072463768115987,7.493768564865735,100.0,Developing,266.0,298.0,-32.0
50936918,vishnubob/wait-for-it,Python,9769,2232,0.0,0.0,829,10,8.0,23.0,0.6086956521739131,55.5,15.100671140939598,14.749999999999996,13.294314381270905,52.84169453734671,30.297336011911444,100.0,Moderate,151.0,233.0,-82.0
51283181,asLody/legend,Java,1606,365,0.0,0.0,1518,13,3.0,6.0,0.5,30.0,15.100671140939598,7.91666666666667,5.936454849498327,62.87513935340023,24.365786402100962,100.0,Developing,227.0,253.0,-26.0
52110639,pybliometrics-dev/pybliometrics,Python,499,146,16.0,5.0,203,7,36.0,934.0,0.8051391862955032,12.000000000000002,48.15436241610738,24.66666666666667,49.414715719063544,28.426978818283164,32.532544724024156,100.0,Moderate,266.0,221.0,45.0
52270857,postmanlabs/postman-collection,JavaScript,499,239,14.0,3.0,52,6,52.0,2892.0,0.2372060857538035,16.083333333333332,44.04362416107382,32.0,63.04347826086956,87.28985507246377,48.4920581655481,100.0,Moderate,266.0,155.0,111.0
52285269,makeyourownneuralnetwork/makeyourownneuralnetwork,Jupyter Notebook,2496,1503,0.0,0.0,967,1,3.0,59.0,0.9661016949152542,43.916666666666664,15.100671140939598,32.333333333333336,9.949832775919731,10.701226309921969,22.400346045356258,100.0,Developing,201.0,261.0,-60.0
52316423,react-native-config/react-native-config,Ruby,4955,657,29.0,2.0,8,6,119.0,315.0,0.3079365079365079,42.416666666666664,44.63087248322148,40.083333333333336,48.49498327759198,81.9386845039019,51.51290805294307,100.0,High,181.0,141.0,40.0
53631945,BurntSushi/ripgrep,Rust,68400,2858,227.0,9.0,45,0,438.0,2234.0,0.7045658012533572,74.16666666666666,67.95302013422818,66.91666666666666,82.85953177257525,41.80490523968785,66.74015809596492,100.0,High,56.0,78.0,-22.0
55608993,begeekmyfriend/yasea,C++,4938,1311,1.0,1.0,158,4,14.0,405.0,0.8790123456790123,45.33333333333333,32.5503355704698,29.16666666666667,32.10702341137124,22.741360089186177,32.37974381420544,100.0,Moderate,188.0,222.0,-34.0
56901410,wiseman/py-webrtcvad,C,2499,429,0.0,0.0,806,4,7.0,78.0,0.8846153846153846,36.25,15.100671140939598,20.833333333333332,16.05351170568562,22.07246376811594,22.061995989614896,100.0,Developing,196.0,263.0,-67.0
56933990,geometry-zsh/geometry,Shell,997,97,0.0,0.0,613,4,37.0,181.0,0.3314917127071823,13.083333333333334,15.100671140939598,23.083333333333332,34.6989966555184,77.92530657748048,32.77832820812103,100.0,Moderate,249.0,219.0,30.0
57165232,HugoBlox/kit,HTML,9721,2954,305.0,9.0,45,1,193.0,2254.0,0.8118899733806566,57.666666666666664,70.13422818791946,50.5,72.32441471571906,27.75808249721293,55.67667841350362,100.0,High,157.0,122.0,35.0
59951874,AhmadElsagheer/Competitive-programming-library,Java,2489,475,0.0,0.0,1538,1,16.0,212.0,0.8254716981132075,34.833333333333336,15.100671140939598,28.916666666666664,27.842809364548494,26.420289855072472,26.62275407211211,100.0,Moderate,211.0,242.0,-31.0
60493101,jwasham/coding-interview-university,,361104,84841,0.0,0.0,386,0,309.0,2200.0,0.3986363636363636,99.0,15.100671140939598,55.99999999999999,75.08361204013377,70.90189520624303,63.21723567746328,100.0,High,7.0,95.0,-88.0
61980073,hackware1993/MagicIndicator,Java,9792,1549,0.0,0.0,650,5,1.0,5.0,1.0,53.0,15.100671140939598,21.166666666666668,2.591973244147157,2.5072463768115987,18.873311485713003,100.0,Developing,149.0,277.0,-128.0
62607227,yangshun/tech-interview-handbook,TypeScript,142788,16825,24.0,6.0,42,0,176.0,1324.0,0.4879154078549849,90.5,51.67785234899329,67.33333333333333,67.22408026755852,63.544035674470464,68.05586032487113,100.0,High,28.0,74.0,-46.0
63476337,TheAlgorithms/Python,Python,224678,51086,458.0,13.0,1,0,450.0,2850.0,0.0912280701754386,95.83333333333334,83.30536912751678,84.58333333333333,85.78595317725751,98.66109253065774,89.63381630041974,100.0,Very High,16.0,11.0,5.0
63937742,frontend-collective/react-sortable-tree,JavaScript,4969,914,0.0,0.0,226,3,33.0,544.0,0.7150735294117647,45.66666666666667,15.100671140939598,29.41666666666667,43.47826086956522,40.46711259754738,34.82587558827711,100.0,Moderate,174.0,212.0,-38.0
64654523,openebs/openebs,,9811,983,316.0,13.0,1,2,209.0,2324.0,0.1570567986230636,50.66666666666667,81.96308724832215,57.83333333333333,73.4113712374582,93.64437012263099,71.50376572168227,100.0,High,146.0,67.0,79.0
65215684,shoutem/ui,JavaScript,4980,451,39.0,7.0,3,3,34.0,956.0,0.2301255230125523,41.66666666666667,55.87248322147651,48.58333333333333,49.41471571906354,87.62430323299888,56.63230043470778,100.0,High,168.0,116.0,52.0
69188189,p-gen/smenu,C,2493,53,12.0,5.0,153,13,6.0,1043.0,0.9952061361457336,18.25,47.14765100671141,23.41666666666667,36.70568561872909,5.015607580824967,26.10712217458643,100.0,Moderate,206.0,245.0,-39.0
74762106,jhao104/proxy_pool,Python,23707,5418,75.0,4.0,95,1,44.0,628.0,0.8487261146496815,68.83333333333334,52.76845637583892,46.583333333333336,47.240802675585286,24.41360089186175,47.96790532199053,100.0,Moderate,113.0,158.0,-45.0
75077977,coopcycle/coopcycle-web,PHP,601,143,2401.0,13.0,0,1,87.0,18137.0,0.6197276286045101,14.5,90.18456375838926,73.66666666666667,77.09030100334448,51.50390189520625,61.38908666472133,100.0,High,265.0,101.0,164.0
75791177,rsheftel/pandas_market_calendars,Python,997,202,104.0,8.0,67,7,61.0,933.0,0.4619506966773847,19.333333333333336,62.33221476510067,29.416666666666668,53.76254180602007,66.55406911928651,46.27976513808145,100.0,Moderate,249.0,165.0,84.0
77189043,bailicangdu/vue2-elm,Vue,41007,12234,0.0,0.0,525,1,12.0,494.0,0.9635627530364372,79.0,15.100671140939598,38.41666666666667,33.11036789297659,11.370122630992205,35.39956566631501,100.0,Moderate,90.0,208.0,-118.0
77513419,react-redux-antd-es6/react,JavaScript,1300,491,0.0,0.0,915,14,4.0,22.0,0.8181818181818182,32.5,15.100671140939598,11.66666666666667,9.03010033444816,26.75473801560759,19.010435231532405,100.0,Developing,229.0,275.0,-46.0
77689140,thoas/go-funk,Go,4930,278,0.0,0.0,786,5,46.0,345.0,0.6231884057971014,32.333333333333336,15.100671140939598,19.500000000000004,41.88963210702341,50.83500557413601,31.93172843108647,100.0,Moderate,192.0,223.0,-31.0
78220614,juristr/angular-testing-recipes,TypeScript,499,106,0.0,0.0,1353,6,3.0,67.0,0.9552238805970148,9.75,15.100671140939598,12.750000000000004,11.120401337792641,12.373467112597558,12.218907918265959,100.0,Developing,266.0,294.0,-28.0
78221549,datacamp/datacamp-community-tutorials,Jupyter Notebook,998,816,0.0,0.0,2748,5,3.0,20.0,0.6,33.66666666666667,15.100671140939598,10.833333333333332,7.274247491638795,53.845039018952065,24.14399153030609,100.0,Developing,240.0,255.0,-15.0
79987996,zufuliu/notepad4,C++,4990,320,511.0,13.0,2,1,27.0,5362.0,0.9502051473330848,37.83333333333333,84.31208053691276,63.83333333333333,62.95986622073579,13.376811594202897,52.463085003703625,100.0,High,166.0,139.0,27.0
82204858,pandoc-scholar/pandoc-scholar,Lua,499,50,0.0,0.0,1330,4,20.0,249.0,0.751004016064257,5.666666666666667,15.100671140939598,15.666666666666668,31.187290969899664,35.78483835005574,20.681226758845668,100.0,Developing,266.0,266.0,0.0
83222441,donnemartin/system-design-primer,Python,370511,58469,10.0,3.0,3,0,121.0,317.0,0.5520504731861199,98.5,42.785234899328856,77.83333333333333,49.163879598662206,58.19286510590859,65.29506258744661,100.0,High,5.0,84.0,-79.0
83773237,wuxudong/react-native-charts-wrapper,Java,2494,680,1.0,1.0,110,1,43.0,247.0,0.7165991902834008,39.25,32.5503355704698,46.41666666666667,37.709030100334445,40.13266443701226,39.211739354896636,100.0,Moderate,204.0,197.0,7.0
85077558,nilbuild/developer-roadmap,TypeScript,367527,44960,771.0,13.0,1,0,468.0,6512.0,0.4814189189189189,97.16666666666666,85.82214765100672,84.58333333333333,93.64548494983278,65.55072463768116,85.35367144770412,100.0,Very High,6.0,23.0,-17.0
86743880,Tyrrrz/CliWrap,C#,4998,285,75.0,12.0,16,2,27.0,697.0,0.9167862266857962,37.666666666666664,66.02348993288591,43.166666666666664,43.561872909699,18.727982162764764,41.8293356677366,100.0,Moderate,161.0,184.0,-23.0
88011908,practical-tutorials/project-based-learning,Python,283652,36283,34.0,3.0,4,0,111.0,593.0,0.4283305227655986,96.16666666666667,47.651006711409394,76.16666666666666,54.515050167224075,67.55741360089185,68.41136076257172,100.0,High,9.0,72.0,-63.0
90903705,graffle-js/graffle,TypeScript,6119,310,93.0,4.0,129,1,82.0,1102.0,0.5372050816696915,38.5,53.85906040268456,45.41666666666667,58.52842809364549,58.86176142697882,51.03318331799511,100.0,High,160.0,144.0,16.0
91277330,OWASP/wstg,Python,9840,1683,279.0,13.0,1,0,169.0,1312.0,0.3231707317073171,55.0,80.8724832214765,84.58333333333333,66.38795986622074,79.26309921962095,73.2213751281303,100.0,High,139.0,61.0,78.0
94948855,airbnb/lottie,HTML,4949,334,4.0,3.0,176,8,76.0,164.0,0.3109756097560975,36.0,39.93288590604027,24.75,40.13377926421404,81.26978818283165,44.41729067061719,100.0,Moderate,184.0,173.0,11.0
95382874,iamraphson/react-paystack,TypeScript,499,180,0.0,0.0,775,17,19.0,128.0,0.765625,13.916666666666668,15.100671140939598,12.999999999999996,26.588628762541806,33.77814938684504,20.47682319139862,100.0,Developing,266.0,268.0,-2.0
98029592,ziishaned/learn-regex,,46090,6120,0.0,0.0,388,1,94.0,325.0,0.5107692307692308,76.16666666666666,15.100671140939598,39.41666666666667,46.98996655518395,61.87179487179487,47.90915318025034,100.0,Moderate,76.0,159.0,-83.0
99822164,aksakalli/gtop,JavaScript,9931,337,1.0,1.0,316,0,10.0,77.0,0.7402597402597403,45.5,32.5503355704698,56.66666666666666,18.39464882943144,37.12263099219621,38.04685641175282,100.0,Moderate,128.0,200.0,-72.0
100764624,fabiospampinato/vscode-todo-plus,TypeScript,998,239,4.0,1.0,62,4,17.0,406.0,0.9384236453201972,22.25,34.81543624161074,33.83333333333333,34.030100334448164,16.052396878483837,28.196253357575216,100.0,Moderate,240.0,238.0,2.0
105379569,actix/actix-web,Rust,24829,1887,362.0,13.0,1,1,379.0,5023.0,0.4927334262392992,64.0,82.29865771812081,68.16666666666667,84.44816053511705,63.20958751393535,72.42461448676798,100.0,High,92.0,64.0,28.0
106024057,pyg-team/pytorch_geometric,Python,24085,4054,118.0,13.0,16,1,424.0,7779.0,0.7278570510348373,67.5,76.25838926174497,53.5,90.88628762541805,37.79152731326644,65.18724084008589,100.0,High,106.0,86.0,20.0
110198232,MalwareTech/TrickBot-Toolkit,Python,200,38,0.0,0.0,3233,17,0.0,0.0,0.0,1.9166666666666667,15.100671140939598,3.2499999999999973,0.5016722408026756,99.83166109253065,24.12013422818792,100.0,Developing,299.0,256.0,43.0
116340040,ipazc/mtcnn,Jupyter Notebook,2492,527,0.0,0.0,710,1,12.0,35.0,0.6285714285714286,36.91666666666667,15.100671140939598,37.41666666666667,16.97324414715719,48.82831661092531,31.04711304647109,100.0,Moderate,208.0,227.0,-19.0
117372806,yangshun/front-end-interview-handbook,JavaScript,44012,5929,44.0,8.0,36,1,194.0,853.0,0.4876905041031653,75.0,58.38926174496644,51.833333333333336,63.21070234113713,63.878483835005575,62.462356250888504,100.0,High,79.0,98.0,-19.0
118820677,labex-labs/python-cheatsheet,Vue,4959,1341,81.0,8.0,79,1,89.0,1606.0,0.7584059775840598,47.333333333333336,60.738255033557046,47.08333333333334,62.95986622073579,34.44704570791527,50.51236672577495,100.0,High,177.0,146.0,31.0
120145570,sourcecred/sourcecred,JavaScript,499,115,0.0,0.0,1312,17,37.0,1375.0,0.4174545454545454,10.166666666666666,15.100671140939598,7.249999999999998,54.096989966555185,68.89520624303232,31.101906803438748,100.0,Moderate,266.0,226.0,40.0
120360765,chromium/chromium,,24799,9244,,,0,0,,,,76.0,,90.08333333333333,,,83.04166666666666,40.0,Very High,94.0,31.0,63.0
120896210,argoproj/argo-cd,Go,24178,7852,2196.0,13.0,1,1,425.0,8570.0,0.2187864644107351,72.66666666666666,89.51342281879195,68.16666666666667,91.8896321070234,89.29654403567447,82.30658645896463,100.0,Very High,105.0,32.0,73.0
121214869,tulingxueyuan/CookBook_and_code,Jupyter Notebook,499,528,0.0,0.0,2233,17,1.0,30.0,1.0,25.0,15.100671140939598,5.083333333333326,5.2675585284280935,2.5072463768115987,10.591761875902524,100.0,Developing,266.0,296.0,-30.0
123458551,jackfrued/Python-100-Days,Jupyter Notebook,186563,55751,10.0,5.0,51,0,12.0,471.0,0.970276008492569,95.33333333333333,46.64429530201342,66.25,32.357859531772576,9.697881828316616,50.05667399908718,100.0,High,23.0,150.0,-127.0
126577260,trekhleb/javascript-algorithms,JavaScript,196756,31031,33.0,7.0,54,0,211.0,1123.0,0.7560106856634016,93.83333333333334,54.781879194630875,65.66666666666666,67.47491638795987,34.78149386845039,63.307657890208226,100.0,High,21.0,94.0,-73.0
127769231,DIYgod/RSSHub,TypeScript,46230,10215,2592.0,13.0,0,0,424.0,15252.0,0.2783897193810647,79.83333333333334,90.68791946308725,90.08333333333333,93.39464882943145,85.28316610925306,87.85648021368768,100.0,Very High,75.0,18.0,57.0
129376414,lb2281075105/Python-WeChat-ItChat,Python,300,111,0.0,0.0,2318,29,1.0,27.0,1.0,7.166666666666667,15.100671140939598,2.6666666666666616,4.933110367892977,2.5072463768115987,6.4748722437955,100.0,Developing,298.0,299.0,-1.0
131404910,DingMouRen/LayoutManagerGroup,Java,4972,670,0.0,0.0,1073,5,4.0,119.0,0.9747899159663864,44.333333333333336,15.100671140939598,15.333333333333332,15.133779264214047,9.363433667781498,19.852910147920362,100.0,Developing,173.0,273.0,-100.0
131905732,can1357/ThePerfectInjector,C,997,201,0.0,0.0,1254,1,2.0,18.0,0.8888888888888888,19.083333333333336,15.100671140939598,31.250000000000007,5.60200668896321,21.738015607580824,18.554805354163395,100.0,Developing,249.0,278.0,-29.0
132750724,codecrafters-io/build-your-own-x,Markdown,547866,51526,21.0,5.0,65,0,131.0,596.0,0.5369127516778524,98.66666666666667,49.16107382550335,64.75,56.187290969899664,59.196209587513934,65.59224820991673,100.0,High,1.0,83.0,-82.0
133742035,nfrechette/acl-ue4-plugin,C++,499,62,0.0,0.0,1014,4,5.0,463.0,0.956803455723542,6.666666666666667,15.100671140939598,17.166666666666668,26.33779264214047,11.704570791527322,15.395273581588146,100.0,Developing,266.0,286.0,-20.0
133999378,elisescu/tty-share,Go,998,92,0.0,0.0,380,1,9.0,120.0,0.7916666666666666,14.5,15.100671140939598,39.75,20.23411371237458,30.768115942028988,24.070580159068633,100.0,Developing,240.0,257.0,-17.0
144026869,sudheerj/angular-interview-questions,,4941,2197,9.0,5.0,143,2,32.0,263.0,0.752851711026616,49.333333333333336,46.2248322147651,34.75,35.53511705685619,35.450390189520625,40.25873455889505,100.0,Moderate,187.0,192.0,-5.0
144329209,CrowCpp/Crow,C++,4978,557,136.0,13.0,2,1,170.0,1750.0,0.3845714285714285,44.083333333333336,77.43288590604027,63.83333333333333,69.56521739130434,73.91192865105909,65.76533972301408,100.0,High,169.0,82.0,87.0
156768326,ThreeDotsLabs/watermill,Go,9896,506,20.0,6.0,24,1,85.0,507.0,0.4615384615384615,48.83333333333334,50.671140939597315,52.66666666666667,50.250836120401345,66.88851727982161,53.86209886796405,100.0,High,133.0,129.0,4.0
157318000,vercel/ncc,JavaScript,9839,324,30.0,9.0,36,3,67.0,641.0,0.2730109204368174,42.33333333333333,57.80201342281879,39.0,51.254180602006684,85.9520624303233,55.26831795769641,100.0,High,140.0,124.0,16.0
159981830,spicetify/cli,JavaScript,24535,937,124.0,13.0,1,0,137.0,1588.0,0.3129722921914357,58.33333333333333,76.92953020134229,84.58333333333333,66.22073578595317,80.60089186176143,73.3335649031447,100.0,High,99.0,60.0,39.0
160875594,TH3xACE/SUDO_KILLER,Shell,2482,259,2.0,2.0,191,1,2.0,98.0,0.9897959183673468,26.75,36.74496644295302,43.083333333333336,11.538461538461538,6.353400222965438,24.894032307542666,100.0,Developing,222.0,249.0,-27.0
162613268,ethereum-lists/chains,Kotlin,9828,8150,563.0,13.0,1,1,466.0,2301.0,0.1621034332898739,66.83333333333333,84.64765100671141,68.16666666666667,84.61538461538461,92.97547380156075,79.44770188473134,100.0,Very High,142.0,41.0,101.0
162998479,sherlock-project/sherlock,Python,91988,10834,279.0,11.0,1,0,270.0,2812.0,0.3129445234708393,86.66666666666667,71.22483221476509,84.58333333333333,76.75585284280936,80.93534002229654,80.03320501597419,100.0,Very High,37.0,37.0,0.0
170161374,microsoft/computervision-recipes,Jupyter Notebook,9884,1205,0.0,0.0,944,1,40.0,772.0,0.3458549222797927,53.66666666666667,15.100671140939598,32.75,47.993311036789294,76.58751393534001,45.219632555947115,100.0,Moderate,134.0,168.0,-34.0
173228436,NationalSecurityAgency/ghidra,Java,78363,8674,2869.0,13.0,1,0,401.0,18293.0,0.4010823812387252,82.5,91.19127516778524,84.58333333333333,92.55852842809364,70.23299888517279,84.21322716287699,100.0,Very High,49.0,29.0,20.0
175405157,JanDeDobbeleer/oh-my-posh,Go,23471,2784,955.0,13.0,1,1,425.0,5283.0,0.5226197236418701,63.5,87.16442953020135,68.16666666666667,89.04682274247492,61.53734671125976,73.88305313012054,100.0,High,118.0,56.0,62.0
177736533,996icu/996.ICU,,277138,20703,0.0,0.0,392,0,397.0,2681.0,0.5341290563222678,93.83333333333333,15.100671140939598,55.49999999999999,81.10367892976588,59.53065774804905,61.013668230417565,100.0,High,10.0,102.0,-92.0
180575663,svrxjs/svrx,JavaScript,499,27,0.0,0.0,746,17,6.0,292.0,0.6472602739726028,4.583333333333334,15.100671140939598,13.416666666666668,22.826086956521742,47.156075808249724,20.61656678114221,100.0,Developing,266.0,267.0,-1.0
186361323,enilu/web-flash,JavaScript,1304,364,0.0,0.0,718,32,12.0,410.0,0.9439024390243902,29.666666666666668,15.100671140939598,11.500000000000004,31.187290969899664,14.714604236343368,20.433846602769858,100.0,Developing,228.0,269.0,-41.0
188700274,9001/copyparty,Python,46720,1903,778.0,13.0,1,0,120.0,4791.0,0.9451054059695262,67.33333333333333,85.98993288590604,84.58333333333333,74.16387959866222,14.38015607580825,65.29012704540864,100.0,High,73.0,85.0,-12.0
188936134,sampsyo/cs6120,HTML,997,229,108.0,5.0,251,1,151.0,2511.0,0.3309438470728793,19.833333333333336,57.214765100671144,41.416666666666664,71.8227424749164,78.2597547380156,53.70945246272063,100.0,High,249.0,130.0,119.0
189363210,he-y/Awesome-Pruning,,2497,332,0.0,0.0,897,10,8.0,60.0,0.8,33.08333333333333,15.100671140939598,13.083333333333334,15.635451505016722,29.430323299888517,21.2666225225023,100.0,Developing,199.0,265.0,-66.0
191529732,lydiahallie/javascript-questions,,65320,9195,0.0,0.0,775,1,199.0,1339.0,0.1934279312920089,81.66666666666666,15.100671140939598,36.333333333333336,68.39464882943145,89.96544035674471,58.292152065423146,100.0,High,59.0,112.0,-53.0
192925833,prisma/orm,TypeScript,47614,2537,8256.0,12.0,0,1,23.0,8214.0,0.7938884830776722,70.66666666666666,85.73825503355704,73.66666666666667,63.21070234113712,29.764771460423635,64.60941243369021,100.0,High,68.0,89.0,-21.0
193215554,n8n-io/n8n,TypeScript,204985,60738,9055.0,13.0,0,0,428.0,24016.0,0.1928297801465689,96.16666666666667,93.20469798657719,90.08333333333333,95.40133779264215,90.29988851727981,93.03118485929983,100.0,Very High,20.0,5.0,15.0
196753133,artiebits/pdf-to-printer,TypeScript,499,148,38.0,8.0,8,5,24.0,445.0,0.346067415730337,12.166666666666668,57.466442953020135,41.16666666666667,37.709030100334445,76.2530657748049,44.95237443229856,100.0,Moderate,266.0,169.0,97.0
212613049,cli/cli,Go,46309,9039,1838.0,13.0,3,0,381.0,10858.0,0.1898139620556272,78.83333333333334,88.84228187919464,77.83333333333333,89.29765886287626,90.96878483835005,85.15507844941753,100.0,Very High,74.0,25.0,49.0
213399136,Denrox/nestjs-microservices-example,TypeScript,996,275,0.0,0.0,878,17,3.0,8.0,0.625,20.75,15.100671140939598,10.083333333333327,6.103678929765886,49.83166109253066,20.373868899313894,100.0,Developing,260.0,270.0,-10.0
215608265,kadenzipfel/smart-contract-vulnerabilities,,2496,332,5.0,2.0,221,3,13.0,242.0,0.6611570247933884,32.75,38.506711409395976,29.583333333333336,27.257525083612038,45.149386845039025,34.649391334276075,100.0,Moderate,201.0,214.0,-13.0
216210734,ripperhe/Bob,,9749,521,1.0,1.0,262,1,1.0,22.0,1.0,45.333333333333336,32.5503355704698,41.083333333333336,4.51505016722408,2.5072463768115987,25.19785975623443,100.0,Moderate,156.0,248.0,-92.0
222751131,Asabeneh/30-Days-Of-Python,Python,73989,13513,218.0,12.0,8,0,85.0,749.0,0.6114819759679573,85.5,71.81208053691276,74.0,54.096989966555185,52.172798216276476,67.51637374394889,100.0,High,53.0,77.0,-24.0
223636350,pycaret/pycaret,Python,9841,1844,121.0,2.0,57,2,120.0,4653.0,0.3920051579626047,55.833333333333336,52.18120805369128,38.58333333333333,73.99665551839465,72.2396878483835,58.56684361742722,100.0,High,138.0,109.0,29.0
232785528,matteopuc/swiftui-navigation-stack,Swift,999,85,0.0,0.0,1383,1,8.0,51.0,0.7450980392156863,15.666666666666668,15.100671140939598,30.083333333333336,14.96655518394649,36.788182831661096,22.521081831309438,100.0,Developing,231.0,260.0,-29.0
233102473,crytic/building-secure-contracts,Solidity,2479,391,37.0,5.0,157,4,62.0,715.0,0.2251748251748251,30.916666666666664,51.92953020134229,29.333333333333336,51.00334448160535,88.62764771460424,50.36210447951038,100.0,High,225.0,147.0,78.0
236093531,0xthirteen/SharpStay,C#,499,99,0.0,0.0,814,1,1.0,5.0,1.0,9.166666666666666,15.100671140939598,35.333333333333336,2.591973244147157,2.5072463768115987,12.93997815237967,100.0,Developing,266.0,292.0,-26.0
239711956,PacktPublishing/Learn-LLVM-12,C++,498,102,0.0,0.0,842,17,5.0,66.0,0.6363636363636364,6.833333333333334,15.100671140939598,11.249999999999996,13.46153846153846,48.15942028985508,18.96099264513329,100.0,Developing,297.0,276.0,21.0
243950408,Anduin2017/HowToCook,,102240,11096,178.0,13.0,15,0,412.0,2456.0,0.4132736156351791,87.16666666666667,78.60738255033557,70.41666666666666,82.10702341137124,69.89855072463767,77.63925800393557,100.0,Very High,35.0,46.0,-11.0
250886658,Neverous/efibooteditor,C++,499,40,99.0,11.0,7,1,6.0,481.0,0.4719334719334719,5.166666666666667,65.60402684563758,58.5,27.842809364548494,66.21962095875139,44.66662476712083,100.0,Moderate,266.0,171.0,95.0
257485422,vitejs/vite,TypeScript,82860,8744,1240.0,13.0,1,0,434.0,8748.0,0.2197073616826703,83.66666666666666,88.33892617449665,84.58333333333333,92.80936454849498,88.96209587513935,87.6720773196262,100.0,Very High,43.0,19.0,24.0
258964362,IndieVisualLab/UnityGraphicsProgrammingSeries,,902,60,0.0,0.0,2336,23,1.0,3.0,1.0,9.666666666666668,15.100671140939598,2.833333333333333,2.25752508361204,2.5072463768115987,6.473088520272649,100.0,Developing,262.0,300.0,-38.0
261247446,xuebinqin/U-2-Net,Python,9861,1617,0.0,0.0,814,1,11.0,251.0,0.8725099601593626,55.5,15.100671140939598,35.333333333333336,26.086956521739133,23.075808249721295,31.019353849146672,100.0,Moderate,135.0,228.0,-93.0
262395224,dotnet/maui,C#,23314,1975,2313.0,13.0,1,1,391.0,19616.0,0.1319840946166394,59.66666666666667,89.68120805369128,68.16666666666667,91.38795986622074,96.65440356744703,81.11138096413848,100.0,Very High,120.0,35.0,85.0
269350727,goostengine/goost,C++,499,20,0.0,0.0,1449,17,7.0,961.0,0.9906347554630592,4.083333333333334,15.100671140939598,6.083333333333333,36.78929765886288,6.01895206243032,13.615117505779892,100.0,Developing,266.0,289.0,-23.0
270171567,freefq/free,,42218,5630,0.0,0.0,759,1,1.0,8111.0,1.0,73.58333333333334,15.100671140939598,36.583333333333336,46.23745819397993,2.5072463768115987,34.80240847567956,100.0,Moderate,85.0,213.0,-128.0
273129304,ViewFaceCore/ViewFaceCore,C#,999,233,0.0,0.0,443,1,2.0,337.0,0.5756676557863502,23.416666666666664,15.100671140939598,38.75,19.816053511705686,56.18617614269789,30.653913492401966,100.0,Moderate,231.0,230.0,1.0
273871859,juanfont/headscale,Go,43920,2574,938.0,12.0,3,0,247.0,4398.0,0.5286493860845839,68.66666666666666,79.69798657718121,77.83333333333333,79.09698996655518,60.534002229654405,73.16579575467816,100.0,High,81.0,62.0,19.0
276852180,below/HelloSilicon,Assembly,4995,330,6.0,4.0,125,1,24.0,291.0,0.9003436426116839,38.83333333333333,43.288590604026844,45.583333333333336,33.69565217391305,20.73467112597547,36.4271161141164,100.0,Moderate,162.0,206.0,-44.0
279725533,elesiuta/picosnitch,C,999,43,172.0,5.0,39,1,7.0,872.0,0.9908256880733946,13.0,59.899328859060404,51.41666666666667,34.86622073578595,5.684503901895202,32.973344032681645,100.0,Moderate,231.0,218.0,13.0
295834617,pmndrs/react-nil,TypeScript,999,18,0.0,0.0,612,2,4.0,62.0,0.5806451612903226,11.5,15.100671140939598,27.749999999999996,12.207357859531772,55.51727982162765,24.415061764419804,100.0,Developing,231.0,252.0,-21.0
306803927,GyanD/codexffmpeg,,2498,152,2.0,2.0,1,1,1.0,10.0,1.0,26.166666666666668,36.74496644295302,68.16666666666667,3.2608695652173916,2.5072463768115987,27.369283143663075,100.0,Moderate,198.0,241.0,-43.0
317319347,qeeqbox/social-analyzer,JavaScript,24055,2313,6.0,2.0,248,0,23.0,895.0,0.7229050279329609,63.49999999999999,39.261744966442954,57.99999999999999,44.64882943143812,39.79821627647714,49.04175813487164,100.0,Moderate,107.0,153.0,-46.0
331362202,themesberg/volt-react-dashboard,JavaScript,997,444,0.0,0.0,965,3,4.0,56.0,0.9107142857142856,27.0,15.100671140939598,19.749999999999996,11.2876254180602,19.396878483835,18.50703500856696,100.0,Developing,249.0,280.0,-31.0
332526289,FirefoxCSS-Store/FirefoxCSS-Store.github.io,JavaScript,997,83,193.0,11.0,6,1,89.0,1007.0,0.3435948361469712,12.333333333333334,69.12751677852349,59.0,58.77926421404682,76.92196209587513,55.23241528435575,100.0,High,249.0,125.0,124.0
336985289,likaia/js-screen-shot,TypeScript,999,136,9.0,1.0,123,9,9.0,32.0,0.6875,18.75,37.24832214765101,26.5,14.79933110367893,43.477146042363444,28.154959858738675,100.0,Moderate,231.0,239.0,-8.0
343965132,microsoft/ML-For-Beginners,Jupyter Notebook,90601,22333,628.0,13.0,3,0,147.0,2353.0,0.3055673608159796,89.66666666666666,85.1510067114094,77.83333333333333,70.73578595317726,82.94202898550724,81.26576433001877,100.0,Very High,38.0,34.0,4.0
347547386,maaslalani/typer,Go,499,28,0.0,0.0,845,1,7.0,55.0,0.6909090909090909,4.833333333333334,15.100671140939598,34.416666666666664,14.046822742474916,43.142697881828326,22.308038353048566,100.0,Developing,266.0,262.0,4.0
352429422,community-archive/obsidian-style-settings,TypeScript,2489,179,6.0,2.0,66,1,13.0,146.0,0.726027397260274,25.0,39.261744966442954,48.0,24.247491638795985,38.46042363433668,34.99393204791512,100.0,Moderate,211.0,211.0,0.0
363910063,uptrace/bun,Go,4976,306,97.0,12.0,28,1,124.0,1422.0,0.659634317862166,36.333333333333336,67.61744966442953,52.41666666666667,64.88294314381271,45.48383500557414,53.34684556276328,100.0,High,171.0,133.0,38.0
368842448,Mofiqul/vscode.nvim,Lua,998,142,6.0,4.0,15,6,58.0,382.0,0.5287958115183246,17.833333333333332,43.288590604026844,36.5,44.147157190635454,60.19955406911929,40.393727039422984,100.0,Moderate,240.0,191.0,49.0
384520418,MaaAssistantArknights/MaaAssistantArknights,C++,23312,2846,3744.0,13.0,0,0,337.0,19967.0,0.2513647518405368,63.166666666666664,92.36577181208054,90.08333333333333,89.4648829431438,86.95540691192865,84.4072123334306,100.0,Very High,121.0,28.0,93.0
411521053,mlt131220/Astral3D,JavaScript,2494,493,13.0,6.0,4,1,1.0,13.0,1.0,36.75,49.328859060402685,59.75,3.511705685618729,2.5072463768115987,30.3695622245666,100.0,Moderate,204.0,231.0,-27.0
445477700,joBr99/nspanel-lovelace-ui,TypeScript,997,201,114.0,11.0,42,10,55.0,4291.0,0.746679095781869,19.083333333333336,66.44295302013423,30.750000000000007,66.05351170568562,36.45373467112598,43.75670654605583,100.0,Moderate,249.0,177.0,72.0
451707465,googlefonts/morisawa-biz-ud-mincho,Python,499,10,0.0,0.0,94,17,3.0,61.0,0.9508196721311476,3.5,15.100671140939598,23.416666666666668,10.367892976588628,13.042363433667779,13.085518843572535,100.0,Developing,266.0,291.0,-25.0
452483626,alexheretic/ab-av1,Rust,997,69,49.0,10.0,11,1,15.0,342.0,0.9385964912280702,11.833333333333334,61.3255033557047,55.583333333333336,31.354515050167226,15.71794871794872,35.16292675809747,100.0,Moderate,249.0,210.0,39.0
455229168,immich-app/immich,TypeScript,114568,6977,2837.0,13.0,0,0,461.0,10431.0,0.1883807880356629,83.66666666666666,91.02348993288591,90.08333333333333,94.98327759197323,91.63768115942028,90.27888973685587,100.0,Very High,34.0,10.0,24.0
462938438,AngusJohnson/Clipper2,C++,2485,455,58.0,7.0,151,2,50.0,817.0,0.8151774785801713,33.583333333333336,57.29865771812081,34.5,50.668896321070235,27.42363433667781,40.69490434184044,100.0,Moderate,218.0,189.0,29.0
473439500,zouzhibin/zb-admin,Vue,998,177,0.0,0.0,967,4,2.0,43.0,0.9767441860465116,19.166666666666664,15.100671140939598,17.583333333333332,7.525083612040133,8.694537346711263,13.614058419938198,100.0,Developing,240.0,290.0,-50.0
475932672,huggingface/evaluate,Python,2481,342,18.0,6.0,1,1,129.0,793.0,0.2824716267339218,29.916666666666664,50.335570469798654,68.16666666666667,58.52842809364549,84.61426978818282,58.31232033699206,100.0,High,224.0,111.0,113.0
488641606,agno-agi/agno,Python,42218,5949,1951.0,13.0,1,1,442.0,5946.0,0.4214598049108644,74.08333333333334,89.01006711409397,68.16666666666667,91.80602006688963,68.5607580824972,78.32536905269617,100.0,Very High,85.0,44.0,41.0
499830255,OML-Team/open-metric-learning,Python,998,78,4.0,1.0,295,7,24.0,430.0,0.7790697674418605,13.833333333333334,34.81543624161074,22.41666666666666,37.37458193979933,32.7748049052397,28.242964617329953,100.0,Moderate,240.0,237.0,3.0
517572452,jeffvli/feishin,TypeScript,9907,529,2328.0,13.0,1,0,171.0,4214.0,0.6926910299003323,50.166666666666664,89.8489932885906,84.58333333333333,76.5886287625418,42.80824972129321,68.79917435448513,100.0,High,131.0,70.0,61.0
535160981,cashubtc/nutshell,Python,499,179,461.0,12.0,1,1,60.0,1424.0,0.6509831460674157,13.5,76.1744966442953,68.16666666666667,58.52842809364549,46.15273132664438,52.50446454625037,100.0,High,266.0,138.0,128.0
542284380,usebruno/bruno,JavaScript,47015,2888,1641.0,13.0,1,0,418.0,4798.0,0.295331388078366,71.83333333333334,88.50671140939598,84.58333333333333,87.62541806020067,84.2798216276477,83.36572355278221,100.0,Very High,71.0,30.0,41.0
552661142,langchain-ai/langchain,Python,146532,24504,2534.0,13.0,0,0,467.0,11724.0,0.1192425793244626,91.83333333333333,90.52013422818791,90.08333333333333,95.98662207357859,96.98885172798215,93.08245493928305,100.0,Very High,26.0,4.0,22.0
555855184,triwinds/ns-emu-tools,Rust,4956,179,296.0,12.0,2,1,6.0,958.0,0.7233820459290188,30.416666666666664,74.16107382550337,63.83333333333333,35.53511705685619,39.12931995540691,48.615102167553296,100.0,Moderate,179.0,154.0,25.0
593813395,scroll-tech/scroll-documentation,MDX,701,196,35.0,4.0,50,10,67.0,754.0,0.3938992042440318,17.166666666666668,49.66442953020134,30.000000000000007,52.591973244147155,71.23634336677814,44.13188256155867,100.0,Moderate,264.0,174.0,90.0
609416865,nextai-translator/nextai-translator,TypeScript,24986,1850,97.0,12.0,15,1,106.0,979.0,0.6843718079673136,64.0,67.61744966442953,54.0,59.94983277591973,43.811594202898554,57.87577532864956,100.0,High,91.0,114.0,-23.0
615869301,mudler/LocalAI,Go,49143,4455,3370.0,13.0,1,0,243.0,5522.0,0.607388627308946,75.16666666666666,92.03020134228188,84.58333333333333,81.43812709030101,53.17614269788183,77.27889422609294,100.0,Very High,65.0,48.0,17.0
630824392,SamurAIGPT/llm-wiki-agent,Python,3533,405,100.0,7.0,0,0,8.0,110.0,0.3909090909090909,36.66666666666667,60.31879194630872,90.08333333333333,18.812709030100336,72.57413600891861,55.69112739706553,100.0,High,193.0,121.0,72.0
643285887,hiteshchoudhary/apihub,JavaScript,9776,1494,4.0,1.0,136,1,25.0,494.0,0.6477732793522267,52.33333333333333,34.81543624161074,45.25,39.63210702341137,46.82162764771461,43.77050084921401,100.0,Moderate,150.0,176.0,-26.0
643445235,lobehub/lobehub,TypeScript,82541,15891,7510.0,13.0,0,0,348.0,11950.0,0.3213389121338912,87.16666666666666,92.86912751677852,90.08333333333333,88.29431438127091,79.59754738015607,87.6021978556411,100.0,Very High,46.0,20.0,26.0
646410686,hiyouga/LlamaFactory,Python,74832,9166,326.0,13.0,4,0,282.0,3074.0,0.7137280416395576,82.66666666666667,82.13087248322148,76.16666666666666,78.09364548494983,40.801560758082495,71.97188241191743,100.0,High,52.0,66.0,-14.0
661957079,gkd-kit/gkd,Kotlin,41961,1984,271.0,13.0,11,0,10.0,1369.0,0.9890430971512052,65.33333333333334,80.62080536912751,72.0,42.474916387959865,6.6878483835005555,53.42338069478426,100.0,High,87.0,131.0,-44.0
662028682,graphdeco-inria/gaussian-splatting,Python,23897,3430,0.0,0.0,336,1,12.0,83.0,0.5783132530120482,65.91666666666666,15.100671140939598,40.083333333333336,20.40133779264214,55.85172798216277,39.470747383148904,100.0,Moderate,109.0,196.0,-87.0
666299222,openinterpreter/openinterpreter,Rust,68364,5882,9498.0,13.0,3,0,474.0,10610.0,0.1501413760603204,78.5,93.54026845637584,77.83333333333333,95.81939799331104,94.31326644370122,88.00125324534429,100.0,Very High,57.0,16.0,41.0
669982264,ColdWindScholar/MIO-KITCHEN-SOURCE,Python,499,99,1223.0,11.0,8,4,16.0,4810.0,0.91995841995842,9.166666666666666,78.5234899328859,42.833333333333336,56.77257525083612,18.393534002229647,41.13791983719033,100.0,Moderate,266.0,187.0,79.0
671832156,eza-community/eza,Rust,23296,522,44.0,8.0,42,0,289.0,3316.0,0.3486127864897467,51.16666666666667,58.38926174496644,67.33333333333333,78.92976588628763,75.58416945373467,66.28063941699774,100.0,High,122.0,80.0,42.0
672673877,PeterGriffinJin/Awesome-Language-Model-on-Graphs,,999,68,0.0,0.0,565,17,12.0,144.0,0.8680555555555556,14.75,15.100671140939598,14.91666666666666,23.160535117056856,23.744704570791516,18.334515499090923,100.0,Developing,231.0,281.0,-50.0
676672661,langchain-ai/langgraph,Python,41838,7064,798.0,13.0,1,0,279.0,5330.0,0.150093808630394,74.83333333333333,86.3255033557047,84.58333333333333,82.27424749163879,94.64771460423634,84.5328264236493,100.0,Very High,88.0,27.0,61.0
700183290,synctv-org/synctv,Rust,2489,244,72.0,4.0,2,1,7.0,921.0,0.9652551574375678,27.833333333333336,52.51677852348993,63.83333333333333,35.45150501672241,11.035674470457087,38.13412493546722,100.0,Moderate,211.0,199.0,12.0
707667804,simondankelmann/Bluetooth-LE-Spam,Kotlin,4932,397,20.0,2.0,40,0,16.0,435.0,0.5241379310344828,36.83333333333333,42.785234899328856,67.66666666666666,33.8628762541806,60.86845039018952,48.40331230873979,100.0,Moderate,191.0,157.0,34.0
718741813,abi/screenshot-to-code,Python,79131,9659,556.0,7.0,8,0,26.0,1419.0,0.897815362931642,84.0,69.37919463087248,74.0,51.08695652173913,21.06911928651059,59.90705408782444,100.0,High,48.0,105.0,-57.0
738733003,danielmiessler/Fabric,Go,43948,4261,910.0,13.0,10,0,227.0,3790.0,0.2970976253298153,72.5,86.82885906040269,72.75,78.09364548494983,83.94537346711259,78.82357560249302,100.0,Very High,80.0,43.0,37.0
771302083,OpenHands/OpenHands,TypeScript,88307,11597,3064.0,13.0,0,0,460.0,7851.0,0.1333588077951853,87.0,91.86241610738256,90.08333333333333,93.64548494983276,96.31995540691193,91.78223795949211,100.0,Very High,40.0,6.0,34.0
787076358,firecrawl/firecrawl,TypeScript,181611,9833,2108.0,13.0,0,0,165.0,6180.0,0.3061488673139159,88.16666666666666,89.34563758389262,90.08333333333333,79.4314381270903,82.60758082497212,85.926931307191,100.0,Very High,24.0,21.0,3.0
793375104,Shubhamsaboo/awesome-llm-apps,Python,138652,20373,510.0,13.0,2,0,105.0,1193.0,0.5440067057837384,90.33333333333333,84.14429530201343,80.25,61.45484949832776,58.527313266443706,74.94195828002364,100.0,High,30.0,53.0,-23.0
822604462,666ghj/BettaFish,Python,42245,7615,605.0,12.0,2,0,42.0,940.0,0.4276595744680851,76.0,77.51677852348993,80.25,50.836120401337794,67.89186176142697,70.49895213725094,100.0,High,84.0,68.0,16.0
823430322,QwenAudio/CosyVoice,Python,23661,2689,110.0,8.0,115,0,43.0,519.0,0.7090558766859345,63.666666666666664,62.66778523489933,62.66666666666666,45.23411371237458,41.47045707915273,55.14113787195199,100.0,High,115.0,126.0,-11.0
839909855,ViggoZ/producthunt-daily-hot,Python,1000,137,363.0,13.0,1,0,3.0,941.0,0.8724760892667375,20.0,82.46644295302013,84.58333333333333,31.856187290969896,23.410256410256398,48.46324399751595,100.0,Moderate,230.0,156.0,74.0
896924279,moeru-ai/airi,TypeScript,49216,4886,2884.0,13.0,0,0,192.0,4428.0,0.4869015356820235,76.0,91.35906040268458,90.08333333333333,77.50836120401337,64.21293199554069,79.83273738711439,100.0,Very High,64.0,38.0,26.0
908040880,Exorust/TorchLeet,Jupyter Notebook,2491,307,61.0,5.0,2,2,12.0,173.0,0.6820809248554913,30.0,54.11073825503356,53.49999999999999,24.163879598662206,44.14604236343367,41.18413204342589,100.0,Moderate,210.0,186.0,24.0
915759691,disler/always-on-ai-assistant,Python,998,213,0.0,0.0,613,10,2.0,79.0,0.9873417721518988,21.333333333333336,15.100671140939598,17.666666666666668,10.451505016722408,7.356744704570791,14.381784172446558,100.0,Developing,240.0,288.0,-48.0
942867788,elder-plinius/CL4R1T4S,,49974,10269,37.0,9.0,8,0,1.0,201.0,1.0,82.33333333333334,58.808724832214764,74.0,13.62876254180602,2.5072463768115987,46.25561341683315,100.0,Moderate,61.0,166.0,-105.0
943398999,x1xhlol/system-prompts-and-models-of-ai-tools,,143692,34821,166.0,12.0,38,0,30.0,518.0,0.7934362934362934,93.0,70.9731543624161,68.0,41.80602006688963,30.43366778149387,60.842568442159916,100.0,High,27.0,104.0,-77.0
952238700,awslabs/mcp,Python,9703,1763,1092.0,13.0,0,0,330.0,1847.0,0.1884136437466161,52.0,87.33221476510067,90.08333333333333,74.58193979933111,91.30323299888516,79.06014417933005,100.0,Very High,158.0,42.0,116.0
972519099,going-doer/Paper2Code,Python,4958,685,5.0,2.0,177,1,2.0,61.0,0.9672131147540984,43.83333333333333,38.506711409395976,43.41666666666667,9.03010033444816,10.366778149386851,29.030717978646198,100.0,Moderate,178.0,236.0,-58.0
975734319,anomalyco/opencode,TypeScript,208133,27347,13024.0,13.0,0,0,456.0,14156.0,0.1601441085052274,93.83333333333334,93.70805369127517,90.08333333333333,95.48494983277592,93.30992196209587,93.28391843056274,100.0,Very High,19.0,2.0,17.0
976568879,zama-ai/fhevm,Rust,24816,1779,1098.0,13.0,0,1,72.0,4449.0,0.151494717914138,63.0,87.5,73.66666666666667,69.39799331103679,93.9788182831661,77.50869565217391,100.0,Very High,93.0,47.0,46.0
979115477,bytedance/deer-flow,Python,82585,11394,2910.0,13.0,1,0,438.0,3279.0,0.1860323269289417,85.83333333333334,91.52684563758389,84.58333333333333,86.53846153846155,91.9721293199554,88.0908206325335,100.0,Very High,45.0,15.0,30.0
1006496207,SuperClaude-Org/SuperClaude_Framework,Python,23897,1999,96.0,11.0,3,1,43.0,344.0,0.4156976744186046,61.75,64.93288590604027,61.41666666666667,40.969899665551836,69.56410256410255,59.72671096047227,100.0,High,109.0,107.0,2.0
1010681419,shareAI-lab/learn-claude-code,Python,77046,12392,233.0,7.0,22,0,41.0,217.0,0.3594470046082949,85.83333333333334,64.8489932885906,69.33333333333333,36.45484949832776,75.24972129319956,66.34404614935691,100.0,High,50.0,79.0,-29.0
1023456048,Kodezi/Chronos,Java,4945,210,2.0,1.0,310,1,1.0,5.0,1.0,30.833333333333336,33.808724832214764,40.416666666666664,2.591973244147157,2.5072463768115987,22.0315888906347,100.0,Developing,186.0,264.0,-78.0
1024554267,NousResearch/hermes-agent,Python,246468,51600,,,0,0,399.0,32035.0,0.5085999687841424,96.5,,90.08333333333333,93.64548494983276,62.540691192865104,85.6923773690078,80.0,Very High,15.0,22.0,-7.0
1046423290,PicoTrex/Awesome-Nano-Banana-images,,23724,2398,20.0,5.0,15,1,9.0,50.0,0.48,63.0,48.8255033557047,54.0,15.635451505016722,65.88517279821627,49.469225531787544,100.0,Moderate,111.0,152.0,-41.0
1079456184,K-Dense-AI/scientific-agent-skills,Python,45358,4113,731.0,12.0,4,0,56.0,519.0,0.6223506743737958,72.5,78.02013422818791,76.16666666666666,47.240802675585286,51.16945373467113,65.0194114610222,100.0,High,77.0,87.0,-10.0
1092047360,luongnv89/claude-howto,Python,41536,5097,247.0,11.0,12,0,24.0,247.0,0.7773279352226721,72.16666666666667,70.63758389261744,71.41666666666666,32.608695652173914,33.1092530657748,55.9877731887799,100.0,High,89.0,119.0,-30.0
1103012935,openclaw/openclaw,TypeScript,389979,81976,96177.0,11.0,0,0,377.0,90915.0,0.5630204036737612,99.33333333333334,84.56375838926175,90.08333333333333,92.47491638795987,57.189520624303235,84.7289724136383,100.0,Very High,4.0,26.0,-22.0
1127184239,kyksj-1/StrategyRealizationHelp,Python,499,252,2.0,1.0,255,1,1.0,2.0,1.0,16.833333333333332,33.808724832214764,41.25,2.0903010033444818,2.5072463768115987,19.297921109140834,100.0,Developing,266.0,274.0,-8.0
1136590548,affaan-m/ECC,JavaScript,261117,39069,2703.0,9.0,0,0,337.0,2637.0,0.590443686006826,95.83333333333334,79.19463087248323,90.08333333333333,78.09364548494983,54.5139353400223,79.54377567282441,100.0,Very High,12.0,39.0,-27.0
1139971460,rtk-ai/rtk,Rust,80855,5123,2042.0,9.0,3,0,147.0,2028.0,0.3091715976331361,79.33333333333334,77.51677852348993,77.83333333333333,69.23076923076923,81.60423634336678,77.10369015285852,100.0,Very High,47.0,49.0,-2.0
1142983825,multica-ai/andrej-karpathy-skills,,213636,21621,28.0,3.0,151,0,7.0,28.0,0.6071428571428571,92.83333333333334,46.560402684563755,61.25,12.54180602006689,53.51059085841695,53.33922657927619,100.0,High,17.0,134.0,-117.0
1148788086,mattpocock/skills,Shell,264291,22291,472.0,8.0,1,0,4.0,456.0,0.9407894736842104,94.0,70.55369127516778,84.58333333333333,25.16722408026756,15.383500557413603,57.93754984923645,100.0,High,11.0,113.0,-102.0
1162099055,Leonxlnx/taste-skill,JavaScript,87931,5981,157.0,8.0,2,0,6.0,156.0,0.967948717948718,81.83333333333334,64.68120805369128,80.25,18.47826086956522,10.032329988851734,51.05502644908832,100.0,High,41.0,143.0,-102.0
1165277268,Panniantong/Agent-Reach,Python,82822,7234,376.0,7.0,3,0,36.0,372.0,0.8629032258064516,82.33333333333334,67.70134228187919,77.83333333333333,40.21739130434783,24.079152731326634,58.43291059684407,100.0,High,44.0,110.0,-66.0
1166102148,DeusData/codebase-memory-mcp,C,43655,3551,3038.0,8.0,1,0,151.0,2309.0,0.7531398873971417,70.66666666666666,78.43959731543625,84.58333333333333,70.81939799331104,35.11594202898551,67.92498746754656,100.0,High,82.0,75.0,7.0
1167300963,Imbad0202/academic-research-skills,Python,48513,3771,779.0,8.0,2,0,19.0,779.0,0.9563543003851092,73.5,72.90268456375838,80.25,41.72240802675585,12.03901895206244,56.08282230851533,100.0,High,67.0,118.0,-51.0
1171376163,nitrocloudofficial/nitrostack,TypeScript,2492,1431,293.0,6.0,11,1,68.0,285.0,0.3894736842105263,42.41666666666667,64.59731543624162,55.583333333333336,42.976588628762535,73.24303232998885,55.76338727899859,100.0,High,208.0,120.0,88.0
1193239504,Stanshy/AgentHub,TypeScript,200,23,62.0,2.0,162,3,1.0,62.0,1.0,1.25,48.322147651006716,30.91666666666667,7.692307692307692,2.5072463768115987,18.137673677358535,100.0,Developing,299.0,282.0,17.0
1200597263,Graphify-Labs/graphify,Python,118951,11503,1810.0,6.0,1,0,253.0,1789.0,0.6087199552822806,88.16666666666666,71.97986577181209,84.58333333333333,72.24080267558529,52.507246376811594,73.8955829648418,100.0,High,32.0,55.0,-23.0
1211925923,cloudflare/cloudflare-os,TypeScript,9958,1208,750.0,11.0,0,0,21.0,797.0,0.4818067754077791,55.0,75.83892617449663,90.08333333333333,42.97658862876254,65.21627647714604,65.8230249227477,100.0,High,127.0,81.0,46.0
1266797999,DietrichGebert/ponytail,JavaScript,141227,7570,224.0,4.0,4,0,63.0,214.0,0.5327102803738317,85.0,58.7248322147651,76.16666666666666,40.3010033444816,59.86510590858417,64.01152162689951,100.0,High,29.0,91.0,-62.0
1338671045,DenisSergeevitch/desktop-fly,Swift,996,77,14.0,2.0,12,1,4.0,14.0,0.6428571428571429,10.916666666666666,41.86241610738255,55.0,8.277591973244146,47.82497212931996,32.77632937532267,100.0,Moderate,260.0,220.0,40.0
