full_name,month,commits,month_period
anomalyco/opencode,2025-09,178,2025-09
anomalyco/opencode,2025-10,708,2025-10
anomalyco/opencode,2025-11,1050,2025-11
anomalyco/opencode,2025-12,1873,2025-12
anomalyco/opencode,2026-01,2080,2026-01
anomalyco/opencode,2026-02,1172,2026-02
anomalyco/opencode,2026-03,962,2026-03
anomalyco/opencode,2026-04,1306,2026-04
anomalyco/opencode,2026-05,1572,2026-05
anomalyco/opencode,2026-06,1049,2026-06
anomalyco/opencode,2026-07,594,2026-07
anomalyco/opencode,2026-08,346,2026-08
anomalyco/opencode,2026-09,134,2026-09
godotengine/godot,2025-09,395,2025-09
godotengine/godot,2025-10,940,2025-10
godotengine/godot,2025-11,984,2025-11
godotengine/godot,2025-12,882,2025-12
godotengine/godot,2026-01,838,2026-01
godotengine/godot,2026-02,788,2026-02
godotengine/godot,2026-03,799,2026-03
godotengine/godot,2026-04,808,2026-04
godotengine/godot,2026-05,469,2026-05
godotengine/godot,2026-06,638,2026-06
godotengine/godot,2026-07,781,2026-07
godotengine/godot,2026-08,682,2026-08
godotengine/godot,2026-09,352,2026-09
lobehub/lobehub,2025-09,118,2025-09
lobehub/lobehub,2025-10,375,2025-10
lobehub/lobehub,2025-11,546,2025-11
lobehub/lobehub,2025-12,546,2025-12
lobehub/lobehub,2026-01,940,2026-01
lobehub/lobehub,2026-02,378,2026-02
lobehub/lobehub,2026-03,438,2026-03
lobehub/lobehub,2026-04,583,2026-04
lobehub/lobehub,2026-05,733,2026-05
lobehub/lobehub,2026-06,741,2026-06
lobehub/lobehub,2026-07,889,2026-07
lobehub/lobehub,2026-08,731,2026-08
lobehub/lobehub,2026-09,492,2026-09
metabase/metabase,2025-09,237,2025-09
metabase/metabase,2025-10,426,2025-10
metabase/metabase,2025-11,386,2025-11
metabase/metabase,2025-12,453,2025-12
metabase/metabase,2026-01,482,2026-01
metabase/metabase,2026-02,492,2026-02
metabase/metabase,2026-03,543,2026-03
metabase/metabase,2026-04,575,2026-04
metabase/metabase,2026-05,579,2026-05
metabase/metabase,2026-06,724,2026-06
metabase/metabase,2026-07,693,2026-07
metabase/metabase,2026-08,685,2026-08
metabase/metabase,2026-09,480,2026-09
microsoft/vscode,2025-09,521,2025-09
microsoft/vscode,2025-10,2120,2025-10
microsoft/vscode,2025-11,2045,2025-11
microsoft/vscode,2025-12,1472,2025-12
microsoft/vscode,2026-01,2663,2026-01
microsoft/vscode,2026-02,2758,2026-02
microsoft/vscode,2026-03,3126,2026-03
microsoft/vscode,2026-04,2622,2026-04
microsoft/vscode,2026-05,2096,2026-05
microsoft/vscode,2026-06,1973,2026-06
microsoft/vscode,2026-07,1911,2026-07
microsoft/vscode,2026-08,2075,2026-08
microsoft/vscode,2026-09,1208,2026-09
n8n-io/n8n,2025-09,195,2025-09
n8n-io/n8n,2025-10,518,2025-10
n8n-io/n8n,2025-11,385,2025-11
n8n-io/n8n,2025-12,497,2025-12
n8n-io/n8n,2026-01,531,2026-01
n8n-io/n8n,2026-02,527,2026-02
n8n-io/n8n,2026-03,542,2026-03
n8n-io/n8n,2026-04,710,2026-04
n8n-io/n8n,2026-05,833,2026-05
n8n-io/n8n,2026-06,1177,2026-06
n8n-io/n8n,2026-07,1150,2026-07
n8n-io/n8n,2026-08,1116,2026-08
n8n-io/n8n,2026-09,874,2026-09
openclaw/openclaw,2025-11,288,2025-11
openclaw/openclaw,2025-12,2148,2025-12
openclaw/openclaw,2026-01,6071,2026-01
openclaw/openclaw,2026-02,6948,2026-02
openclaw/openclaw,2026-03,8823,2026-03
openclaw/openclaw,2026-04,14570,2026-04
openclaw/openclaw,2026-05,16871,2026-05
openclaw/openclaw,2026-06,7081,2026-06
openclaw/openclaw,2026-07,11845,2026-07
openclaw/openclaw,2026-08,11047,2026-08
openclaw/openclaw,2026-09,10485,2026-09
openinterpreter/openinterpreter,2025-09,153,2025-09
openinterpreter/openinterpreter,2025-10,391,2025-10
openinterpreter/openinterpreter,2025-11,377,2025-11
openinterpreter/openinterpreter,2025-12,427,2025-12
openinterpreter/openinterpreter,2026-01,642,2026-01
openinterpreter/openinterpreter,2026-02,888,2026-02
openinterpreter/openinterpreter,2026-03,848,2026-03
openinterpreter/openinterpreter,2026-04,1073,2026-04
openinterpreter/openinterpreter,2026-05,939,2026-05
openinterpreter/openinterpreter,2026-06,1022,2026-06
openinterpreter/openinterpreter,2026-07,1047,2026-07
openinterpreter/openinterpreter,2026-08,1308,2026-08
openinterpreter/openinterpreter,2026-09,383,2026-09
prisma/orm,2025-10,186,2025-10
prisma/orm,2025-11,679,2025-11
prisma/orm,2025-12,470,2025-12
prisma/orm,2026-01,700,2026-01
prisma/orm,2026-02,614,2026-02
prisma/orm,2026-03,708,2026-03
prisma/orm,2026-04,1942,2026-04
prisma/orm,2026-05,2007,2026-05
prisma/orm,2026-06,578,2026-06
prisma/orm,2026-07,143,2026-07
prisma/orm,2026-08,170,2026-08
prisma/orm,2026-09,59,2026-09
torvalds/linux,2025-09,3314,2025-09
torvalds/linux,2025-10,5973,2025-10
torvalds/linux,2025-11,8877,2025-11
torvalds/linux,2025-12,4316,2025-12
torvalds/linux,2026-01,8779,2026-01
torvalds/linux,2026-02,5124,2026-02
torvalds/linux,2026-03,9580,2026-03
torvalds/linux,2026-04,7332,2026-04
torvalds/linux,2026-05,8821,2026-05
torvalds/linux,2026-06,8530,2026-06
torvalds/linux,2026-07,10850,2026-07
torvalds/linux,2026-08,7326,2026-08
torvalds/linux,2026-09,1379,2026-09
